"Name","Distance","Price_of_Meal","Price_of_Drink","Category"
"Chinese Buffet",1.2449986446416,11.79,5.08,"Chinese"
"Burger Joint",2.08493505429942,14.4,13.08,"Mexican"
"Thai Noodle House",0.567232323181815,8.16,8.68,"Thai"
"Korean BBQ",0.915895439591259,8.23,6.9,"Korean"
"Steakhouse",3.67357061465737,6.08,4.46,"American"
"Seafood Shack",17.690067,32.5,5.72,"American"
"Steakhouse",1.902665465069,8.14,14.26,"American"
"Vietnamese Pho",0.694205448171124,9.72,7.11,"Vietnamese"
"American Diner",4.72794922608882,6.59,7.29,"American"
"American Diner",0.361295227799565,10.04,7.4,"American"
"Steakhouse",1.92896203810815,9.77,10.79,"American"
"Chinese Buffet",0.367482998478226,2.9,11.59,"Chinese"
"French Cafe",1.00273863768671,12.15,5.31,"French"
"Italian Bistro",4.48536168627907,8.26,12.99,"Italian"
"German Brewery",3.60573789293412,14.69,5.46,"German"
"French Cafe",0.895616952213459,10.42,5.6,"French"
"Italian Bistro",3.76228788956068,9.2,1.57,"Italian"
"Peruvian Cuisine",0.840636485861614,12.17,2.37,"Peruvian"
"Steakhouse",2.6682709767716,5.32,8.76,"American"
"Cajun Kitchen",4.00936929096933,13.23,14.7,"Mexican"
"Korean BBQ",0.621156638907269,6.03,7.4,"Korean"
"Mediterranean Grill",5.45740700878669,1.97,2.14,"Mediterranean"
"Brazilian Steakhouse",3.358354438073,13.87,2,"Brazilian"
"Brazilian Steakhouse",4.09682588905562,11.21,11.5,"Brazilian"
"Spanish Tapas",0.980164313013665,12.36,11.83,"Spanish"
"Mediterranean Grill",5.3177349622827,7.48,3.69,"Mediterranean"
"Korean BBQ",0.312860194360837,3.65,14.62,"Korean"
"Italian Pizzeria",5.00784387227614,11.38,2.8,"Italian"
"Spanish Tapas",5.21661958161276,13.62,5.34,"Spanish"
"Chinese Buffet",4.01969570345245,14.81,12.3,"Chinese"
"Italian Pizzeria",3.34167324861046,7.11,8.8,"Italian"
"Mexican Grill",5.18748361985199,2.81,12.18,"Mexican"
"Indian Curry House",3.72937605015468,5.16,12.91,"Indian"
"Chinese Buffet",3.90781794711947,14.97,4.62,"Chinese"
"Japanese Ramen",1.78802887108177,5.09,5.7,"Japanese"
"Vietnamese Pho",3.02623294724617,8.57,6.12,"Vietnamese"
"Steakhouse",5.45021744619589,9.6,2.68,"American"
"Thai Noodle House",2.72595931785181,7.09,8.65,"Thai"
"Indian Curry House",0.172370070568286,2.94,14.36,"Indian"
"Italian Pizzeria",3.2550916594686,9.89,5.49,"Italian"
"Mediterranean Grill",2.11114204144105,5.83,10.83,"Mediterranean"
"Thai Noodle House",2.32856190591119,5.33,6.89,"Thai"
"Japanese Ramen",2.19430498795118,14.06,13.06,"Japanese"
"German Brewery",1.39920883181039,11.13,8.25,"German"
"German Brewery",5.10358954032417,8.97,6.71,"German"
"Steakhouse",0.685703140008263,14.39,2.28,"American"
"Brazilian Steakhouse",3.73642233437859,8.99,2.53,"Brazilian"
"Seafood Shack",4.83329213112593,6.21,5.65,"American"
"Brazilian Steakhouse",1.47175144194625,9.13,5.76,"Brazilian"
"Seafood Shack",1.46176630344708,11.28,7.28,"American"
"Spanish Tapas",3.27773278309032,6.66,3.38,"Spanish"
"French Cafe",4.06203483245336,7.59,6.08,"French"
"Thai Noodle House",3.38744543311186,15,15.72,"Thai"
"Italian Bistro",5.06845155833289,9.24,7.02,"Italian"
"Cajun Kitchen",5.54016513803508,4.25,5.03,"Mexican"
"Sushi Palace",5.01963093394879,3.06,9.75,"Japanese"
"Peruvian Cuisine",2.62816586715635,5.17,5.57,"Peruvian"
"Indian Curry House",1.40882178668398,12.69,5.26,"Indian"
"Cajun Kitchen",1.44063621086534,6.96,6.05,"Mexican"
"Peruvian Cuisine",1.31063914869446,6.71,11.19,"Peruvian"
"Thai Noodle House",5.91508194054477,9.54,1.74,"Thai"
"German Brewery",1.92386389926542,4.84,3.02,"German"
"Pizza Place",1.65155028742738,8.32,14.3,"American"
"Chinese Buffet",3.10126534062438,7.26,7.54,"Chinese"
"Spanish Tapas",4.87611552674789,9.81,9.07,"Spanish"
"American Diner",1.63428825605661,13.29,14.17,"American"
"Spanish Tapas",1.01589606481139,3.29,1.93,"Spanish"
"Mexican Grill",3.27358221893664,6.66,7.91,"Mexican"
"Sushi Palace",5.62451554448344,13.44,14.44,"Japanese"
"Thai Noodle House",4.52721783856396,12.97,3.56,"Thai"
"Chinese Buffet",3.41733715697192,2.8,2.97,"Chinese"
"Peruvian Cuisine",2.6601776715368,4.72,7.71,"Peruvian"
"Korean BBQ",1.37204136818182,8.31,5.74,"Korean"
"Brazilian Steakhouse",1.43815265598241,10.7,4.02,"Brazilian"
"Korean BBQ",4.95736820355523,10.3,3.19,"Korean"
"Mediterranean Grill",5.49155006324872,2.54,14.31,"Mediterranean"
"Italian Pizzeria",2.33254690340255,5.54,12.35,"Italian"
"Seafood Shack",2.10865066607948,1.06,9.2,"American"
"Burger Joint",3.30005839511287,12.27,9.73,"Mexican"
"French Cafe",1.32399189409334,2.25,8.95,"French"
"Indian Curry House",5.16105807553977,2.49,14.9,"Indian"
"Indian Curry House",5.77524196323939,11.4,8.93,"Indian"
"Steakhouse",2.55644904763904,14.87,11.4,"American"
"Greek Taverna",5.13120583046693,12.66,9.4,"Mediterranean"
"German Brewery",2.95950427297503,1.69,8.28,"German"
"Indian Curry House",3.52568412998226,10.87,6.95,"Indian"
"Steakhouse",3.19120515428949,3.77,14.8,"American"
"Cajun Kitchen",5.76326760707889,7.94,12.39,"Mexican"
"German Brewery",5.52766024351586,10.86,15.22,"German"
"Japanese Ramen",4.44081382222939,13.82,3.98,"Japanese"
"Vietnamese Pho",1.26064309799112,7.09,7.03,"Vietnamese"
"Vietnamese Pho",4.31353056917433,11.81,10.61,"Vietnamese"
"Greek Taverna",2.33071055253968,8.67,15.2,"Mediterranean"
"Japanese Ramen",3.17918463079259,2.93,13.29,"Japanese"
"BBQ Joint",5.69496623221785,14.47,4.61,"American"
"Brazilian Steakhouse",3.59495518512558,14.57,6.99,"Brazilian"
"Korean BBQ",3.44344235975295,3.03,14.92,"Korean"
"Cajun Kitchen",0.676384000503458,1.52,8.65,"Mexican"
"Korean BBQ",4.37269281428307,1.68,9.18,"Korean"
"Mexican Grill",0.782428824063391,9.42,6.49,"Mexican"
"Spanish Tapas",2.67682262689341,11.6,8.62,"Spanish"
"Burger Joint",2.6002004591981,13.44,5.67,"Mexican"
"Spanish Tapas",0.795561600127257,3.23,10.79,"Spanish"
"American Diner",3.23780404841527,2.97,6.33,"American"
"Japanese Ramen",5.76855208843481,1.19,10.92,"Japanese"
"Italian Pizzeria",4.50732065481134,11.45,6.08,"Italian"
"Thai Noodle House",0.685271523217671,3.35,1.91,"Thai"
"Thai Noodle House",5.93402416184545,6.24,9.47,"Thai"
"Pizza Place",4.81339619881473,2.3,15.51,"American"
"Vietnamese Pho",1.50538499490358,14.04,15.54,"Vietnamese"
"Burger Joint",4.40557649419643,13.13,1.48,"Mexican"
"Korean BBQ",0.417484160722233,2.07,4.94,"Korean"
"Mediterranean Grill",4.49733084847685,12.8,3.51,"Mediterranean"
"Japanese Ramen",2.12648628759198,8.07,13.92,"Japanese"
"Brazilian Steakhouse",1.30505649733823,1.44,13.91,"Brazilian"
"Seafood Shack",5.19285938499961,1.81,14.58,"American"
"Brazilian Steakhouse",1.54102424031589,1.85,6.76,"Brazilian"
"Thai Restaurant",3.076023148885,1.67,7.94,"Thai"
"Sushi Palace",4.78333702357486,3.03,13.92,"Japanese"
"Japanese Ramen",2.35391207740176,2.54,6.72,"Japanese"
"German Brewery",3.32133104212116,5.21,5.25,"German"
"Greek Taverna",2.37906252515968,1.38,13.98,"Mediterranean"
"Cajun Kitchen",5.61519691050053,9.17,13.78,"Mexican"
"Vietnamese Pho",4.92725689637009,3.24,6.79,"Vietnamese"
"Cajun Kitchen",0.713346303859726,1.68,7.67,"Mexican"
"Thai Restaurant",3.63202891347464,10.86,8.2,"Thai"
"Mexican Grill",5.16722761583515,10.63,10.17,"Mexican"
"Korean BBQ",2.66507794389036,4.83,12.32,"Korean"
"Vietnamese Pho",1.9652091887081,9,14.58,"Vietnamese"
"Spanish Tapas",0.898524619359523,2.8,7.91,"Spanish"
"Italian Pizzeria",0.934053788753226,5.05,9.3,"Italian"
"Peruvian Cuisine",3.87139866081998,14.65,13.98,"Peruvian"
"Chinese Buffet",1.34234379907139,13.82,8.94,"Chinese"
"Spanish Tapas",2.5532357100863,14.37,13.03,"Spanish"
"Greek Taverna",3.56531414380297,7.07,12.09,"Mediterranean"
"Sushi Palace",1.4799345762236,2.91,5.97,"Japanese"
"Italian Pizzeria",2.76235748762265,13.36,8.4,"Italian"
"Indian Curry House",1.53974561335053,12.45,15.27,"Indian"
"BBQ Joint",1.06145597407594,4.05,6.03,"American"
"Sushi Palace",1.18266417135019,2.1,2.34,"Japanese"
"Steakhouse",4.6643162291497,2.08,14.62,"American"
"Italian Pizzeria",2.66922994081397,4.56,9.9,"Italian"
"Sushi Palace",0.746876377309673,9.25,2.08,"Japanese"
"Chinese Buffet",1.36606006335933,12.01,8.16,"Chinese"
"Italian Bistro",5.50350500764325,11.33,15.94,"Italian"
"Steakhouse",0.79335605755914,1.34,4.7,"American"
"Seafood Shack",3.79953843930271,11.28,8.09,"American"
"Japanese Ramen",5.78396819974296,12.62,8.09,"Japanese"
"Peruvian Cuisine",4.72888680847827,8.9,9.8,"Peruvian"
"Vietnamese Pho",5.45345549937338,9.73,9.47,"Vietnamese"
"Pizza Place",1.64507558499463,14.19,10.93,"American"
"Seafood Shack",3.1787723076297,9.43,2.61,"American"
"Burger Joint",1.76856666419189,7.98,12.05,"Mexican"
"Sushi Palace",5.40915649358649,9.11,4.07,"Japanese"
"Brazilian Steakhouse",1.08630931370426,6.73,2.37,"Brazilian"
"Steakhouse",4.05863332673907,11.15,9,"American"
"Vietnamese Pho",5.32723726693075,14.98,2.46,"Vietnamese"
"Thai Noodle House",2.86368441958912,8.87,13.41,"Thai"
"Greek Taverna",3.20304645379074,6.23,13.95,"Mediterranean"
"Greek Taverna",0.823519441741519,4.1,14.97,"Mediterranean"
"Japanese Ramen",4.9185550801456,12.03,1.87,"Japanese"
"Peruvian Cuisine",4.51333804263268,9.02,10.06,"Peruvian"
"Cajun Kitchen",4.91303342659958,5.68,2.51,"Mexican"
"Steakhouse",2.7745575702982,1.52,10.64,"American"
"BBQ Joint",0.20252548865974,9.16,7,"American"
"French Cafe",1.06018451782875,12.43,15.88,"French"
"Steakhouse",2.43283303172793,7.76,11.54,"American"
"Pizza Place",5.53754978892393,9.14,7.21,"American"
"Indian Curry House",2.15396685334854,10.15,4.08,"Indian"
"Italian Pizzeria",5.93314659232274,10.93,13.9,"Italian"
"Mediterranean Grill",4.92150028778706,9.74,8.31,"Mediterranean"
"French Cafe",4.93897034004331,1.06,15.23,"French"
"German Brewery",2.94748034956865,11.54,5.7,"German"
"Mexican Grill",3.06284613278694,3.9,7.82,"Mexican"
"Mexican Grill",2.49260646516923,12.1,12.59,"Mexican"
"Indian Curry House",1.28948280606419,13.91,9.43,"Indian"
"Thai Noodle House",1.5015895763645,4.61,11.79,"Thai"
"Italian Bistro",0.395980271790177,10.87,4.14,"Italian"
"Indian Curry House",4.02819229015149,12.89,5.86,"Indian"
"Sushi Palace",2.46640466374811,1.15,7.29,"Japanese"
"Indian Curry House",2.26133464281447,10.99,15.32,"Indian"
"Cajun Kitchen",2.33485151315108,5.6,5.4,"Mexican"
"German Brewery",2.76356355159078,6.87,3.35,"German"
"Greek Taverna",4.40292870239355,6.28,4.15,"Mediterranean"
"Peruvian Cuisine",5.18125211466104,13.9,6.12,"Peruvian"
"German Brewery",3.45543047627434,3.32,2.69,"German"
"Italian Pizzeria",5.03482818037737,10.42,4.67,"Italian"
"Sushi Palace",0.106799071654677,7.66,3.97,"Japanese"
"Vietnamese Pho",2.6462280709995,1.62,7.87,"Vietnamese"
"American Diner",4.70833208772819,2.3,12.42,"American"
"Vietnamese Pho",3.3490695737768,4.13,6.7,"Vietnamese"
"Vietnamese Pho",2.71080295413267,1.15,2.42,"Vietnamese"
"Sushi Palace",0.232496649515815,13.78,3.76,"Japanese"
"Italian Bistro",4.42069830934051,8.7,1.58,"Italian"
"Brazilian Steakhouse",2.80903500413988,9.69,1.92,"Brazilian"
"Sushi Palace",2.85502401082777,14.05,7.64,"Japanese"
"Vietnamese Pho",3.95923257742543,1.82,3.4,"Vietnamese"
"Italian Bistro",5.51880354390014,5.42,14.32,"Italian"
"Steakhouse",1.07856224563438,7.72,3,"American"
"Japanese Ramen",4.5450044491794,4.58,2.93,"Japanese"
"French Cafe",2.69859909515362,13.95,12.5,"French"
"Greek Taverna",0.687882453133352,11.9,6.76,"Mediterranean"
"Sushi Palace",2.41313491782639,7.96,15.6,"Japanese"
"Thai Restaurant",1.44078205805272,6.66,8.53,"Thai"
"Korean BBQ",5.08172023736406,4.7,1.75,"Korean"
"Indian Curry House",3.25806577664334,11.99,7.65,"Indian"
"French Cafe",5.90146306946408,12.43,8.4,"French"
"Steakhouse",4.55322551270947,1.63,7.26,"American"
"Mexican Grill",5.93057982001919,9.83,2.9,"Mexican"
"Seafood Shack",4.90234357684385,10.31,6.09,"American"
"Peruvian Cuisine",3.69668135987595,3.63,10.12,"Peruvian"
"Pizza Place",1.62012317681219,4.33,12.36,"American"
"Chinese Buffet",3.99943087615538,13.92,11.63,"Chinese"
"Steakhouse",4.09256159209181,8.75,2.06,"American"
"French Cafe",5.42791599344928,1.83,6.2,"French"
"American Diner",0.266274447925389,1.65,15.66,"American"
"Chinese Buffet",1.9277504230151,2.05,7.61,"Chinese"
"Brazilian Steakhouse",4.39550303223077,11.34,13.36,"Brazilian"
"Korean BBQ",3.21407982353121,5.8,9.17,"Korean"
"Thai Noodle House",5.29533565395977,1.19,12.89,"Thai"
"Cajun Kitchen",0.756483852490783,7.61,7,"Mexican"
"Seafood Shack",5.72377400449477,14.73,8.47,"American"
"Korean BBQ",4.32974635155406,5.5,15.64,"Korean"
"French Cafe",5.14388472891878,7.29,10.02,"French"
"Burger Joint",4.40687205339782,1.57,5.92,"Mexican"
"Thai Noodle House",1.37721905803774,4.23,14.37,"Thai"
"Cajun Kitchen",2.8634131123079,7.12,15.54,"Mexican"
"Thai Restaurant",5.67361832151655,1.39,13.6,"Thai"
"Italian Bistro",4.06665511848405,6.14,3.34,"Italian"
"Vietnamese Pho",0.952643522550352,6.75,15.84,"Vietnamese"
"Mediterranean Grill",2.56058967169374,11.27,12.59,"Mediterranean"
"Peruvian Cuisine",3.84153683967888,9.7,5.39,"Peruvian"
"Brazilian Steakhouse",4.79367785579525,12.63,10.53,"Brazilian"
"Brazilian Steakhouse",3.04157282090746,6.62,5.83,"Brazilian"
"Italian Bistro",0.802665570168756,13.48,12.07,"Italian"
"Steakhouse",4.35169955054298,9.75,2.45,"American"
"Thai Noodle House",2.88272581247147,9.16,6.59,"Thai"
"French Cafe",0.120744114252739,8.01,6.87,"French"
"Sushi Palace",5.81855198412668,3.24,7.83,"Japanese"
"Cajun Kitchen",0.940089420694858,3.55,3.61,"Mexican"
"American Diner",1.12596333981492,12.86,5.03,"American"
"Indian Curry House",3.22307714340277,6.47,3.15,"Indian"
"Thai Restaurant",1.73017795938067,2.85,2.87,"Thai"
"Cajun Kitchen",2.53955109231174,12.94,2.77,"Mexican"
"French Cafe",1.08390781958587,6.77,15.68,"French"
"French Cafe",1.98978685268667,8.26,10.01,"French"
"American Diner",5.83062510113232,7.31,8.28,"American"
"Seafood Shack",0.538274373812601,10.11,2.16,"American"
"Mexican Grill",0.798821396240965,9.44,5.97,"Mexican"
"Italian Bistro",4.81845276260283,10.85,8.7,"Italian"
"Korean BBQ",5.77809234019369,10.34,11.59,"Korean"
"Vietnamese Pho",2.53507492123172,12.95,7.67,"Vietnamese"
"Mexican Grill",3.44305746664759,5.99,8.62,"Mexican"
"Mediterranean Grill",5.27997093417216,6.54,6.3,"Mediterranean"
"Thai Noodle House",3.77538476120681,12.32,3.25,"Thai"
"Cajun Kitchen",4.05132716305088,5.89,5.24,"Mexican"
"Indian Curry House",0.744680513837375,13.78,7.49,"Indian"
"American Diner",0.651769003458321,4.06,4.49,"American"
"Korean BBQ",1.40460644017439,9.09,4.81,"Korean"
"Thai Noodle House",3.23892172160558,12.69,11.02,"Thai"
"Japanese Ramen",3.9854005294852,9.95,12.38,"Japanese"
"German Brewery",0.617705491767265,10.39,5.37,"German"
"American Diner",4.20091287440155,34,12.21,"American"
"Mediterranean Grill",1.53692990860436,9.83,7.48,"Mediterranean"
"Mediterranean Grill",1.09750920482911,5.54,3.33,"Mediterranean"
"BBQ Joint",3.69263854331803,6.03,4.61,"American"
"Vietnamese Pho",4.72584737183061,1.25,13.88,"Vietnamese"
"Spanish Tapas",2.84095441889949,14.18,1.8,"Spanish"
"Mexican Grill",1.89932021514978,10.93,10.4,"Mexican"
"Vietnamese Pho",4.68583746929653,14.5,6.75,"Vietnamese"
"BBQ Joint",4.32865078670438,2.99,6.03,"American"
"Steakhouse",5.97222267503385,9.39,7.77,"American"
"Mediterranean Grill",1.09851962220855,1.82,3.68,"Mediterranean"
"Italian Pizzeria",1.02365619402844,12.87,11.32,"Italian"
"BBQ Joint",0.679244294203818,1.03,2.88,"American"
"Mexican Grill",1.0526605442632,8.11,11.24,"Mexican"
"Japanese Ramen",5.467015350773,3.9,9.59,"Japanese"
"BBQ Joint",5.52169135282747,8.54,14.58,"American"
"Spanish Tapas",0.33717877836898,2.77,12.35,"Spanish"
"Greek Taverna",3.69864183559548,8.02,11.01,"Mediterranean"
"Mediterranean Grill",0.444507062947378,11.41,6.09,"Mediterranean"
"Thai Restaurant",1.00723863423336,8.84,5.15,"Thai"
"Chinese Buffet",5.6116112134885,4.66,14.53,"Chinese"
"German Brewery",5.29306623293087,9,14.97,"German"
"Seafood Shack",2.59954508577939,10.21,4.2,"American"
"Seafood Shack",3.42226569321938,11.41,4.16,"American"
"Brazilian Steakhouse",0.558854201692156,12.22,1.54,"Brazilian"
"Korean BBQ",3.08792132921517,7.56,7.7,"Korean"
"BBQ Joint",1.05400599078275,12.93,13.52,"American"
"Pizza Place",2.6635208128253,1.37,6.85,"American"
"Greek Taverna",5.44988913307898,3.17,1.94,"Mediterranean"
"Vietnamese Pho",0.869233221979812,1.91,6.03,"Vietnamese"
"French Cafe",0.190185419004411,5.4,8.84,"French"
"Indian Curry House",1.04965831018053,4.45,8.64,"Indian"
"BBQ Joint",4.99508133605123,8.53,12.1,"American"
"Pizza Place",2.4051232571248,13.29,12.6,"American"
"German Brewery",5.61522178135347,3.26,4.69,"German"
"BBQ Joint",0.834082401380874,11.79,6.58,"American"
"Thai Restaurant",1.20596215473488,13.18,11.68,"Thai"
"Thai Restaurant",2.61663663676009,14.14,5.01,"Thai"
"Cajun Kitchen",3.54018737864681,8.26,4.48,"Mexican"
"Indian Curry House",1.90311696480494,3.87,7.3,"Indian"
"BBQ Joint",3.95089555843733,10.79,7.32,"American"
"Italian Pizzeria",5.21410632869229,1.57,8.68,"Italian"
"Thai Noodle House",0.936583032924682,6.96,15.66,"Thai"
"Mediterranean Grill",3.06938156653196,1.69,11.43,"Mediterranean"
"Korean BBQ",4.1878564417595,2.59,3,"Korean"
"Burger Joint",1.57661147878971,8.79,2.31,"Mexican"
"Brazilian Steakhouse",0.21769783264026,12.92,3.79,"Brazilian"
"Mexican Grill",4.73607372806873,1.12,3.29,"Mexican"
"Peruvian Cuisine",1.49380919879768,9.05,13.04,"Peruvian"
"Brazilian Steakhouse",2.12998546205927,1.17,2.12,"Brazilian"
"Thai Restaurant",1.60159571974073,2.91,14.11,"Thai"
"French Cafe",3.88854066370986,4.89,7.3,"French"
"Italian Bistro",1.44917624772061,4.15,4.59,"Italian"
"Mediterranean Grill",2.04340400616638,4.88,11.97,"Mediterranean"
"Cajun Kitchen",3.43767731802072,12.09,12.48,"Mexican"
"Spanish Tapas",2.87879074900411,1.06,7.48,"Spanish"
"Thai Noodle House",1.92914707835298,8.89,3.24,"Thai"
"Steakhouse",1.41527720647864,10.57,4.59,"American"
"Greek Taverna",5.45602871845476,8.1,2.71,"Mediterranean"
"Peruvian Cuisine",1.31183515854646,4.85,5.66,"Peruvian"
"Greek Taverna",0.268586644623429,11.21,15.09,"Mediterranean"
"BBQ Joint",5.78623586518224,7.71,5.21,"American"
"Seafood Shack",1.82264547592495,5.43,5.12,"American"
"Indian Curry House",2.99870495172218,9.15,4.56,"Indian"
"Steakhouse",3.58332087623421,13.92,6.02,"American"
"Thai Noodle House",0.777915587788448,13.38,3.95,"Thai"
"Spanish Tapas",0.379354934254661,3.25,13.44,"Spanish"
"Thai Noodle House",3.57110442728736,12.27,3.88,"Thai"
"Spanish Tapas",1.00006684595719,8.89,5.19,"Spanish"
"Peruvian Cuisine",4.08250344139524,10.68,14.4,"Peruvian"
"Korean BBQ",3.58099485186394,8.95,10.3,"Korean"
"Cajun Kitchen",0.85387292962987,12.8,2.56,"Mexican"
"Steakhouse",1.75834814766422,7.51,6.65,"American"
"Peruvian Cuisine",3.30841366234236,4.1,10.24,"Peruvian"
"Mediterranean Grill",1.63688055996317,5.32,4.59,"Mediterranean"
"Chinese Buffet",0.497361425100826,5.72,11.69,"Chinese"
"Seafood Shack",4.09103875958826,13.08,14.05,"American"
"BBQ Joint",2.4275943509303,2.33,12.73,"American"
"Pizza Place",5.14331419388764,1.19,2.58,"American"
"Thai Restaurant",2.22176489599515,13.69,9.39,"Thai"
"Chinese Buffet",5.27570331422612,2.88,7.25,"Chinese"
"Vietnamese Pho",3.81239421409555,8.55,13.44,"Vietnamese"
"American Diner",2.17532962611876,11.36,3.17,"American"
"Seafood Shack",1.54223393909633,9.76,13.31,"American"
"Korean BBQ",2.10415570964105,10.85,8.76,"Korean"
"Italian Bistro",3.16502686513122,6.55,13.98,"Italian"
"American Diner",5.39019998167641,1.22,6.12,"American"
"Sushi Palace",2.38271752400324,5.75,7.34,"Japanese"
"Italian Bistro",2.78117929992732,2.82,8.99,"Italian"
"Sushi Palace",1.16767660798505,9.27,2.67,"Japanese"
"Japanese Ramen",0.814845158602111,3.01,5.74,"Japanese"
"BBQ Joint",5.6650259549031,12.52,12.56,"American"
"BBQ Joint",1.80777145167813,5.38,8.4,"American"
"Seafood Shack",1.80478843979072,11.1,1.28,"American"
"Vietnamese Pho",2.33801037247758,7.38,6.73,"Vietnamese"
"Brazilian Steakhouse",4.07372999354266,4.37,15.31,"Brazilian"
"Pizza Place",1.65778150963597,12.3,15.62,"American"
"Sushi Palace",5.42005478458013,8.97,7.9,"Japanese"
"Vietnamese Pho",2.15088965916075,13.69,11.03,"Vietnamese"
"Seafood Shack",4.42662740803789,9.31,4,"American"
"Spanish Tapas",1.27130597650539,7.16,7.78,"Spanish"
"Thai Restaurant",0.18887442490086,3.78,11.5,"Thai"
"Chinese Buffet",2.02925339199137,2.47,3.59,"Chinese"
"Japanese Ramen",4.91886775093153,10.46,15.81,"Japanese"
"Italian Pizzeria",5.56849020833615,6.32,10.07,"Italian"
"Greek Taverna",1.3875774159329,6.05,6.24,"Mediterranean"
"Vietnamese Pho",2.40876495442353,10.05,9.36,"Vietnamese"
"Korean BBQ",5.04822732938919,7.06,11.83,"Korean"
"Chinese Buffet",3.98422612794675,7.71,7.84,"Chinese"
"BBQ Joint",5.56628261345904,10.9,2.72,"American"
"Italian Pizzeria",4.9115256910678,10.6,13.54,"Italian"
"Sushi Palace",2.35982575356029,1.37,6.69,"Japanese"
"Thai Restaurant",4.43136590376962,14.54,10.1,"Thai"
"Peruvian Cuisine",1.14614508431405,3.59,12.59,"Peruvian"
"Thai Restaurant",4.02321276350413,6.45,2.61,"Thai"
"Pizza Place",0.206753041874617,3.11,3.57,"American"
"Italian Pizzeria",0.914378242008388,4.97,8.52,"Italian"
"American Diner",2.23989888119977,12.66,11.76,"American"
"Sushi Palace",5.3711648542434,11.99,3.25,"Japanese"
"Brazilian Steakhouse",0.614669904229231,6.86,1.47,"Brazilian"
"Pizza Place",1.9400029535871,14.43,8.37,"American"
"Greek Taverna",5.94353851659689,10.89,8.28,"Mediterranean"
"German Brewery",4.95368832561653,10.04,2.72,"German"
"French Cafe",0.433507704664953,5.19,1.9,"French"
"American Diner",0.409259418421425,2.9,8.33,"American"
"Italian Bistro",5.18549176193774,10.92,14.27,"Italian"
"Vietnamese Pho",1.15171158507001,5.1,3.08,"Vietnamese"
"Seafood Shack",1.98359488809947,2.5,14.4,"American"
"Peruvian Cuisine",3.52328861283604,4.85,7.55,"Peruvian"
"Thai Restaurant",0.848477211478166,11.28,12.62,"Thai"
"Greek Taverna",2.83655481378082,4.45,3.88,"Mediterranean"
"German Brewery",3.63174161219504,10.35,8.48,"German"
"Pizza Place",1.23655150292907,8.59,11.71,"American"
"Mexican Grill",4.76046878325287,12.52,6.53,"Mexican"
"Thai Noodle House",4.06909619029611,4.73,5.84,"Thai"
"Cajun Kitchen",2.91597756177653,14.13,11.46,"Mexican"
"Thai Restaurant",2.27003137634601,9.66,10.46,"Thai"
"Burger Joint",4.48614747747779,1,10.25,"Mexican"
"Italian Pizzeria",5.04389159998391,9.4,2,"Italian"
"Korean BBQ",1.01685229106806,9.16,10.65,"Korean"
"Steakhouse",4.47555705893319,10.17,6.35,"American"
"Peruvian Cuisine",1.85253233276308,3.17,11.91,"Peruvian"
"Pizza Place",2.44295453338418,3.11,6.64,"American"
"Sushi Palace",1.88308477923274,9.66,5.93,"Japanese"
"Steakhouse",2.84815642309841,13.39,3.24,"American"
"Peruvian Cuisine",1.23485688914079,3.19,14.52,"Peruvian"
"Burger Joint",0.292264737887308,3.57,15.06,"Mexican"
"Vietnamese Pho",1.50942208450288,6.84,10.15,"Vietnamese"
"Mediterranean Grill",5.71025238593575,10.88,13.46,"Mediterranean"
"French Cafe",4.53963306751102,3.8,14.92,"French"
"Mediterranean Grill",2.68222351428121,4.14,9.2,"Mediterranean"
"Peruvian Cuisine",4.01016358400229,7.9,10.62,"Peruvian"
"Mexican Grill",1.29910833030008,13.88,7.86,"Mexican"
"Seafood Shack",1.66945328484289,13.05,1.35,"American"
"Brazilian Steakhouse",5.06519223339856,3.79,4.47,"Brazilian"
"Italian Bistro",3.5890777609311,11.99,14.39,"Italian"
"German Brewery",0.40299813002348,13.83,12.95,"German"
"Cajun Kitchen",4.33954430134036,10.89,11.76,"Mexican"
"American Diner",5.85031552368309,13.92,13.63,"American"
"Greek Taverna",5.13876542134676,2.95,9.97,"Mediterranean"
"Italian Pizzeria",2.25589125175029,6.67,7.58,"Italian"
"Vietnamese Pho",1.77579115587287,2.55,15.81,"Vietnamese"
"Pizza Place",4.29312116811052,5.27,11.53,"American"
"Brazilian Steakhouse",3.11092615248635,10.36,15.1,"Brazilian"
"Greek Taverna",4.89051681933925,7.22,12.67,"Mediterranean"
"Peruvian Cuisine",3.74537417925894,9.51,14.14,"Peruvian"
"Japanese Ramen",2.67924076614436,6.48,8.66,"Japanese"
"Mexican Grill",1.55345903763082,8.3,7.81,"Mexican"
"Chinese Buffet",3.47147211048286,13.36,13.84,"Chinese"
"Indian Curry House",4.23207529485226,1.48,5.77,"Indian"
"Chinese Buffet",3.93885071906261,5.52,7.26,"Chinese"
"Thai Noodle House",0.672405996522866,13.22,7.7,"Thai"
"German Brewery",3.29986390655395,11.78,13.2,"German"
"Italian Pizzeria",1.52691553088371,12.85,13.57,"Italian"
"American Diner",5.62036586499307,3.45,9.62,"American"
"Seafood Shack",0.230314437882043,8.18,9.96,"American"
"Mediterranean Grill",1.37360137440264,9.14,5.85,"Mediterranean"
"Korean BBQ",1.87366099944338,13.71,14.92,"Korean"
"Mexican Grill",2.89728951770812,6.18,11.41,"Mexican"
"Spanish Tapas",2.60429781030398,2.8,6.23,"Spanish"
"Cajun Kitchen",4.29521513732616,4.48,4.67,"Mexican"
"German Brewery",4.08704299503006,1.43,15.89,"German"
"Chinese Buffet",3.21170453412924,14.55,8.47,"Chinese"
"Vietnamese Pho",4.6174804719165,10.1,15.08,"Vietnamese"
"Sushi Palace",2.0559316189494,8.43,5.24,"Japanese"
"Japanese Ramen",3.99883497573901,14.72,8.78,"Japanese"
"American Diner",0.71910017603077,6.61,8.68,"American"
"Seafood Shack",0.983354355348274,10.57,5.6,"American"
"Burger Joint",4.01811714540236,11.46,2.37,"Mexican"
"Thai Noodle House",3.4877194247907,2.57,5.79,"Thai"
"Sushi Palace",3.176548710512,8.81,2.84,"Japanese"
"Burger Joint",0.357227284880355,13.29,8.2,"Mexican"
"Thai Restaurant",2.24005133314058,5.3,10.25,"Thai"
"Korean BBQ",3.41708680824377,7.06,4.83,"Korean"
"Indian Curry House",4.57925780769438,5.81,15.05,"Indian"
"Italian Pizzeria",4.42566628865898,2.97,5.73,"Italian"
"Thai Restaurant",1.86944476689678,10.95,11.42,"Thai"
"BBQ Joint",4.32195852303412,8.15,10.92,"American"
"Pizza Place",3.62866146592423,10.84,11.03,"American"
"Mexican Grill",2.28927268665284,13.68,10.12,"Mexican"
"Seafood Shack",4.92792379788589,8.52,5.13,"American"
"Seafood Shack",2.83693159793038,2.98,11.26,"American"
"Japanese Ramen",5.55202574902214,7.73,12.92,"Japanese"
"French Cafe",1.44709209771827,3.18,15.32,"French"
"Italian Pizzeria",2.66465470392723,5.35,3.91,"Italian"
"Italian Pizzeria",0.236944184429012,13.07,13.4,"Italian"
"American Diner",0.428492619772442,1.18,9.25,"American"
"Seafood Shack",2.38595619259868,4.13,1.31,"American"
"Mediterranean Grill",4.13769190802704,3.93,7.92,"Mediterranean"
"Chinese Buffet",4.76897929378319,13.36,5.33,"Chinese"
"Korean BBQ",1.5845659495797,14.14,10.35,"Korean"
"BBQ Joint",4.58106730545405,7.93,7.91,"American"
"Pizza Place",0.670059391367249,7.17,4.67,"American"
"Pizza Place",1.03284338545054,4.77,9.25,"American"
"Vietnamese Pho",2.86767462065909,14.27,13,"Vietnamese"
"Cajun Kitchen",0.187602544180118,12.33,14.55,"Mexican"
"Vietnamese Pho",1.69975951879751,7.18,1.27,"Vietnamese"
"French Cafe",5.92607621613424,3.08,15.34,"French"
"Greek Taverna",1.16104944536928,6.88,4.02,"Mediterranean"
"German Brewery",5.66280710254796,13.04,10.47,"German"
"BBQ Joint",0.710604561911896,12.05,4.88,"American"
"Italian Bistro",3.21690007247962,11.16,13.74,"Italian"
"Mediterranean Grill",3.18118890284095,3.12,1.53,"Mediterranean"
"Peruvian Cuisine",4.32802170729265,7.3,15.77,"Peruvian"
"Thai Noodle House",4.11481195827946,7.81,5.82,"Thai"
"Spanish Tapas",4.49453269550577,2.68,14.49,"Spanish"
"German Brewery",0.95932495596353,7.48,11.65,"German"
"Greek Taverna",5.20980136194266,10.06,5.78,"Mediterranean"
"Steakhouse",4.36603407028597,4.64,14.61,"American"
"American Diner",2.0235080807237,12.31,13.32,"American"
"BBQ Joint",4.63912484373432,6.83,10.74,"American"
"Chinese Buffet",2.60581644752529,4.59,12.1,"Chinese"
"Mexican Grill",4.60232954393141,8.27,12.72,"Mexican"
"American Diner",0.753587603545748,4.6,11.06,"American"
"Italian Bistro",0.460267852270044,9.42,4.59,"Italian"
"Brazilian Steakhouse",5.41890105037019,6.95,13,"Brazilian"
"American Diner",1.10671561569907,13.54,3.69,"American"
"Korean BBQ",4.28433109023608,9.49,7.15,"Korean"
"Burger Joint",2.05986652993597,12,7.29,"Mexican"
"Italian Bistro",3.80854574323166,13.08,8.2,"Italian"
"Vietnamese Pho",4.40216933707707,12.77,12.68,"Vietnamese"
"Spanish Tapas",1.27512884982862,10.66,2.43,"Spanish"
"Burger Joint",5.83251553734299,8.4,14.32,"Mexican"
"Pizza Place",3.26464231563732,8.54,10.23,"American"
"Italian Pizzeria",0.316458503319882,14.89,12.21,"Italian"
"Burger Joint",4.06816483214498,7.69,8.71,"Mexican"
"Sushi Palace",3.14984227323439,4.86,5.58,"Japanese"
"Steakhouse",4.07154042986222,12.19,7.1,"American"
"Korean BBQ",2.55170783472713,14.58,13.93,"Korean"
"Mediterranean Grill",2.87784046125598,5.68,6.07,"Mediterranean"
"Thai Restaurant",3.43373902635649,10.61,5.18,"Thai"
"Indian Curry House",5.63001713375561,4.33,2.01,"Indian"
"Cajun Kitchen",0.160659198462963,14.63,13.39,"Mexican"
"French Cafe",3.80004005027004,14.27,5.53,"French"
"Vietnamese Pho",1.9289335434325,10.13,12.52,"Vietnamese"
"Thai Restaurant",4.7511166295968,14.01,3.89,"Thai"
"Pizza Place",4.14646975446958,9.86,2.35,"American"
"Italian Pizzeria",4.19145185358357,13.75,8.71,"Italian"
"Italian Pizzeria",2.80199802811258,7.12,12.83,"Italian"
"Italian Pizzeria",4.11789107290097,7.68,13.13,"Italian"
"French Cafe",3.81902223664802,8.03,11.01,"French"
"Thai Noodle House",2.40046844861936,2.12,8.48,"Thai"
"Cajun Kitchen",1.33894629082643,10.08,15.39,"Mexican"
"Brazilian Steakhouse",4.29776707640849,2.12,10.46,"Brazilian"
"Vietnamese Pho",1.0974664607551,14.59,12.36,"Vietnamese"
"Indian Curry House",2.48152071346995,13.36,7.04,"Indian"
"German Brewery",2.37524218494073,9.38,2.94,"German"
"Mexican Grill",0.577174372808076,13,8.72,"Mexican"
"Brazilian Steakhouse",0.914004842657596,1.27,7.62,"Brazilian"
"American Diner",2.74830453533214,6.83,6.75,"American"
"Brazilian Steakhouse",0.557931521208957,7.97,3.17,"Brazilian"
"Chinese Buffet",5.39285769297276,1.27,3.33,"Chinese"
"Chinese Buffet",3.00768110698555,7.26,4.8,"Chinese"
"Thai Noodle House",0.816170963947661,13.78,8.13,"Thai"
"Cajun Kitchen",5.79521366064437,2.22,8.08,"Mexican"
"Spanish Tapas",2.78562029327732,6.34,7.02,"Spanish"
"Spanish Tapas",3.58808167674579,1.47,11.77,"Spanish"
"Seafood Shack",0.358588703419082,6.65,9.89,"American"
"Brazilian Steakhouse",3.35504853643943,7.53,11.73,"Brazilian"
"Mediterranean Grill",4.01938164797612,12.57,13.71,"Mediterranean"
"Italian Bistro",4.66956255459227,2.47,2.07,"Italian"
"Italian Pizzeria",4.50031657754444,13.59,15.91,"Italian"
"Greek Taverna",4.81437288359739,3.06,15.3,"Mediterranean"
"Indian Curry House",5.43417876132298,5.9,8.17,"Indian"
"French Cafe",4.77205047116149,3,4.85,"French"
"Korean BBQ",5.76454405260738,10.43,11.42,"Korean"
"Italian Pizzeria",2.97005546686705,9.11,3.57,"Italian"
"Japanese Ramen",1.62598540238105,5.02,6.51,"Japanese"
"Mediterranean Grill",0.575769054912962,5.54,13.22,"Mediterranean"
"Thai Restaurant",3.56026401855052,8.23,10.82,"Thai"
"Brazilian Steakhouse",1.82062052967958,6.45,8.95,"Brazilian"
"Mediterranean Grill",0.740161230531521,10.49,10.03,"Mediterranean"
"BBQ Joint",1.16718910904601,2.57,6.32,"American"
"BBQ Joint",0.208064406877384,3.27,3.46,"American"
"Korean BBQ",3.8424111439148,11.28,14.96,"Korean"
"Thai Restaurant",5.50540897892788,7.3,15.63,"Thai"
"Peruvian Cuisine",5.95373479840346,9.07,13.73,"Peruvian"
"German Brewery",4.93705094759352,11.28,14.99,"German"
"Cajun Kitchen",2.56261222907342,3.66,15.88,"Mexican"
"Korean BBQ",3.31218329102267,7.02,12.55,"Korean"
"Greek Taverna",2.9283220135374,4.28,9.63,"Mediterranean"
"Steakhouse",5.04138290088158,5.09,12.77,"American"
"Burger Joint",2.90434207562357,10.96,6.54,"Mexican"
"Sushi Palace",4.51422048741952,1.95,12.57,"Japanese"
"Burger Joint",4.29851716374978,10.13,15.28,"Mexican"
"Japanese Ramen",1.5793450582074,7.51,5.04,"Japanese"
"Japanese Ramen",0.975285635236651,14.76,7.97,"Japanese"
"Korean BBQ",1.96037889954168,2.27,8.32,"Korean"
"Italian Pizzeria",3.10823096251115,13.95,14.37,"Italian"
"American Diner",2.28017690952402,3.09,6.69,"American"
"Pizza Place",5.214427067223,3.83,14.33,"American"
"American Diner",0.43325654133223,9.84,10.93,"American"
"Sushi Palace",2.79385957894847,5.15,6.33,"Japanese"
"Seafood Shack",3.4278503790265,1.5,9.24,"American"
"Cajun Kitchen",4.79999989198986,14.96,12.3,"Mexican"
"Korean BBQ",3.45756628429517,7.26,2.95,"Korean"
"Cajun Kitchen",4.4346881730482,1.33,4.83,"Mexican"
"Burger Joint",1.76438087422866,4.87,7.61,"Mexican"
"Mediterranean Grill",4.01273951751646,11.27,13.53,"Mediterranean"
"Mediterranean Grill",2.49448022327852,7.83,14.73,"Mediterranean"
"Vietnamese Pho",1.98752068595495,2.41,3.03,"Vietnamese"
"Chinese Buffet",5.89348035126459,1.65,9.78,"Chinese"
"Thai Restaurant",4.98058000644669,7.61,11.64,"Thai"
"Mediterranean Grill",2.33850587459747,13.42,2.35,"Mediterranean"
"Brazilian Steakhouse",0.182255931710824,1.53,8.79,"Brazilian"
"Mediterranean Grill",5.71215292708948,3.65,1.63,"Mediterranean"
"Brazilian Steakhouse",5.87919150982052,11.52,5.39,"Brazilian"
"Chinese Buffet",4.39393665203825,3,14.08,"Chinese"
"Peruvian Cuisine",3.50001464311499,14.18,5.31,"Peruvian"
"Korean BBQ",4.62579601034522,11.42,7.64,"Korean"
"Pizza Place",2.01774593887385,5.04,1.31,"American"
"American Diner",0.369356064242311,9.23,10.49,"American"
"Italian Bistro",4.21993559319526,5.64,2.68,"Italian"
"Indian Curry House",3.75819879302289,4.94,4.4,"Indian"
"Thai Noodle House",1.52116125896573,14.31,14.29,"Thai"
"Peruvian Cuisine",3.9366692945594,13.44,15.55,"Peruvian"
"Seafood Shack",1.56063327796292,3.68,11.69,"American"
"Thai Noodle House",5.94142797368113,5.72,11.04,"Thai"
"Mediterranean Grill",3.01762876817957,1.08,5.29,"Mediterranean"
"Vietnamese Pho",0.348230467783287,4.02,15.95,"Vietnamese"
"Steakhouse",4.94260121257976,13.82,1.93,"American"
"French Cafe",2.29045959161595,4.21,5.38,"French"
"Thai Noodle House",3.85472101413179,9.18,11.17,"Thai"
"BBQ Joint",3.21920032072812,12.5,1.59,"American"
"Italian Bistro",0.451839587953873,3.69,5.78,"Italian"
"Chinese Buffet",0.16682934043929,12.24,12.17,"Chinese"
"German Brewery",3.89287483808585,3.12,13.34,"German"
"Vietnamese Pho",1.31029643095098,13.36,14.75,"Vietnamese"
"Steakhouse",0.128383852331899,13.24,14.52,"American"
"Brazilian Steakhouse",0.142636653361842,12.55,13.49,"Brazilian"
"Thai Noodle House",3.68249769033864,7.35,6.25,"Thai"
"Sushi Palace",0.531930535612628,14.7,11.07,"Japanese"
"Indian Curry House",0.25856549043674,6.51,8.64,"Indian"
"Italian Pizzeria",2.06466380495112,14.4,10.39,"Italian"
"Mexican Grill",5.15806264677085,5.77,12.87,"Mexican"
"Italian Pizzeria",5.22209996369202,10.96,10.28,"Italian"
"American Diner",3.7262995593017,3.73,4.9,"American"
"BBQ Joint",5.18687510336749,14.14,3.59,"American"
"Japanese Ramen",2.23303346254397,6.28,8.99,"Japanese"
"Japanese Ramen",3.02450865465216,5.78,13.71,"Japanese"
"American Diner",4.68658310447354,8.73,10.03,"American"
"Vietnamese Pho",1.88848383272998,1.75,7.6,"Vietnamese"
"Pizza Place",1.3369916835567,12.29,13.01,"American"
"Seafood Shack",1.07735390269663,13.12,1.95,"American"
"Italian Bistro",4.46754159445409,5.98,14.05,"Italian"
"Japanese Ramen",4.47533276930917,7.55,13.71,"Japanese"
"Pizza Place",2.47370112910867,8.04,9,"American"
"Indian Curry House",1.37602144919802,6.44,8.22,"Indian"
"Vietnamese Pho",4.31105186757632,8.66,12.33,"Vietnamese"
"Burger Joint",4.69555193791166,13.63,14.12,"Mexican"
"Japanese Ramen",4.33316771136597,9.7,6.12,"Japanese"
"Thai Noodle House",3.44671091595665,7.39,4.24,"Thai"
"BBQ Joint",3.76011156972963,2.71,3.68,"American"
"Pizza Place",5.00147121795453,6.08,8.38,"American"
"Mediterranean Grill",0.442199411825277,6.8,13.64,"Mediterranean"
"Thai Noodle House",3.815993398102,13.58,8.68,"Thai"
"Cajun Kitchen",1.90088487821631,4.36,11.63,"Mexican"
"Burger Joint",5.67943150871433,6.24,3.91,"Mexican"
"Greek Taverna",3.94878720107954,10.11,10.82,"Mediterranean"
"Chinese Buffet",2.15339725380763,2.82,2.84,"Chinese"
"Indian Curry House",1.5897291455185,1.31,7.46,"Indian"
"American Diner",3.45200465193484,7.23,7.19,"American"
"Cajun Kitchen",3.32583721482661,1.06,9.55,"Mexican"
"Spanish Tapas",1.31392210677732,11.65,6.78,"Spanish"
"Thai Noodle House",5.8675397123443,2.76,15.61,"Thai"
"Chinese Buffet",0.15513280427549,9.69,4.92,"Chinese"
"Pizza Place",2.01699990532361,8.7,14.51,"American"
"Seafood Shack",0.652745115407743,2.36,4.93,"American"
"Pizza Place",1.77220606054179,3.41,8.12,"American"
"Sushi Palace",2.37557635277044,12.32,11.41,"Japanese"
"BBQ Joint",5.42375017846935,7.98,6.92,"American"
"Spanish Tapas",3.30192256753799,11.17,12.81,"Spanish"
"BBQ Joint",0.460145381349139,4.62,7.98,"American"
"French Cafe",2.93227341305465,14.89,13.83,"French"
"Italian Pizzeria",5.80572380011436,1.93,2.57,"Italian"
"Mediterranean Grill",2.82302973212209,6.6,8.51,"Mediterranean"
"Italian Bistro",3.95299140962306,13.06,7.22,"Italian"
"Thai Noodle House",2.01717819795012,4.79,7.7,"Thai"
"American Diner",3.43297484209761,13.51,5.59,"American"
"Burger Joint",4.64735042811371,3.82,5.08,"Mexican"
"Italian Pizzeria",0.857253864174709,2.18,14.27,"Italian"
"BBQ Joint",0.679768811631948,1.01,5.88,"American"
"French Cafe",4.48019078799989,8.43,4.81,"French"
"Korean BBQ",5.52227293516044,14.63,5.07,"Korean"
"Italian Pizzeria",1.15521006719209,7.98,13.57,"Italian"
"Sushi Palace",0.79749012356624,6.24,12.77,"Japanese"
"Cajun Kitchen",3.45098113082349,13.53,7.58,"Mexican"
"Korean BBQ",5.76970600534696,3.57,4.54,"Korean"
"Japanese Ramen",2.70657259444706,6.89,10.59,"Japanese"
"Korean BBQ",2.57812787874136,5.96,3.64,"Korean"
"Italian Pizzeria",1.76589480789844,9.05,4.24,"Italian"
"Greek Taverna",3.78537621735595,3.14,8.13,"Mediterranean"
"Mediterranean Grill",3.73296077870764,14.65,5.24,"Mediterranean"
"Vietnamese Pho",5.74187672014814,11.47,7.88,"Vietnamese"
"Seafood Shack",3.55765391560271,6.34,14.9,"American"
"Peruvian Cuisine",0.532867161906324,10.95,5.37,"Peruvian"
"French Cafe",3.40560990485828,14.93,11.67,"French"
"Burger Joint",5.66367638178635,5.35,5.65,"Mexican"
"Brazilian Steakhouse",5.98636359500233,1.69,12.03,"Brazilian"
"Japanese Ramen",1.64462275002152,12.16,13.28,"Japanese"
"Korean BBQ",0.923736705072224,4.41,15.53,"Korean"
"Chinese Buffet",5.7033715625992,10.39,14.25,"Chinese"
"German Brewery",3.88458780394867,11.97,4.16,"German"
"BBQ Joint",2.32615035355557,11.83,7.04,"American"
"Vietnamese Pho",0.70887469209265,4.95,7.87,"Vietnamese"
"Peruvian Cuisine",0.490982976509258,2.58,12.6,"Peruvian"
"Mediterranean Grill",4.27316405666061,5.59,14.03,"Mediterranean"
"Greek Taverna",1.69112807451747,14.63,7.24,"Mediterranean"
"German Brewery",4.19726429486182,6.1,4.88,"German"
"Thai Noodle House",4.21135048659053,7.92,9.98,"Thai"
"Japanese Ramen",5.08834709639195,12.53,12.44,"Japanese"
"Peruvian Cuisine",5.13112108823843,10.74,15.16,"Peruvian"
"Pizza Place",4.93613136205822,4.06,9.89,"American"
"Cajun Kitchen",1.34550217622891,3.16,9.46,"Mexican"
"French Cafe",3.53491160792764,5.76,5.95,"French"
"Thai Noodle House",4.13182173010428,8.68,3.22,"Thai"
"Spanish Tapas",3.79394168965519,6.84,10.87,"Spanish"
"Seafood Shack",5.11109702123795,3.48,8.22,"American"
"Spanish Tapas",5.46286938027479,12.36,14.55,"Spanish"
"Chinese Buffet",5.42278265901841,7.35,3.53,"Chinese"
"BBQ Joint",4.25402599782683,2.53,5.33,"American"
"Thai Noodle House",4.13445059505757,6.31,2.95,"Thai"
"Indian Curry House",2.61615105275996,14.13,12.46,"Indian"
"Steakhouse",4.45835641962476,1.08,6.87,"American"
"Seafood Shack",3.47845686664805,9.41,7.85,"American"
"Chinese Buffet",5.99571561540943,12.97,10.34,"Chinese"
"Japanese Ramen",3.92243460714817,9.82,13.01,"Japanese"
"Steakhouse",0.322631666064262,9.72,14.32,"American"
"Italian Bistro",0.161012536287308,12.12,6.91,"Italian"
"Chinese Buffet",1.31437882932369,2.47,7.74,"Chinese"
"Burger Joint",0.608302531787194,3.55,4.69,"Mexican"
"Spanish Tapas",2.56228854532819,8.36,2.16,"Spanish"
"Indian Curry House",3.67650616380852,10.68,7.44,"Indian"
"Chinese Buffet",4.83629004629329,6.13,1.98,"Chinese"
"French Cafe",4.48038932485506,13.67,2.1,"French"
"Pizza Place",0.526535579864867,3.06,1.46,"American"
"Chinese Buffet",4.02943903489504,12.66,8.6,"Chinese"
"Spanish Tapas",1.75287364914548,3.74,9.67,"Spanish"
"Vietnamese Pho",3.96895771969575,12.44,15.03,"Vietnamese"
"Mexican Grill",1.89462198670954,9.57,8.85,"Mexican"
"Italian Bistro",4.87956690054853,8.43,7.34,"Italian"
"Mediterranean Grill",2.66772976887878,1.85,13.02,"Mediterranean"
"Burger Joint",1.24476898522116,1.74,13.24,"Mexican"
"Thai Noodle House",5.26262119612656,9.83,5.98,"Thai"
"American Diner",5.68739004703239,11.75,12.11,"American"
"Mexican Grill",0.751176163833588,4.68,12.85,"Mexican"
"Chinese Buffet",0.684528406034224,4.66,7.88,"Chinese"
"Chinese Buffet",2.76915505232755,7.05,12.17,"Chinese"
"Cajun Kitchen",0.300648630294018,1.61,9.06,"Mexican"
"BBQ Joint",4.29678938195575,14.03,13.03,"American"
"Cajun Kitchen",5.60944356583059,10.54,14.32,"Mexican"
"German Brewery",1.04207648320589,4.38,4.92,"German"
"Spanish Tapas",1.30129362589214,9.08,10.16,"Spanish"
"Seafood Shack",3.34675386452582,5.14,7.27,"American"
"Mexican Grill",3.43553349582944,10.45,12.76,"Mexican"
"BBQ Joint",2.28279170091264,6.44,6.85,"American"
"Indian Curry House",1.54823936198372,3.56,9.7,"Indian"
"Thai Noodle House",1.91305528071243,3.26,5.79,"Thai"
"Mexican Grill",0.553754355339333,7.64,9.47,"Mexican"
"Seafood Shack",5.71702362915967,14.27,15.27,"American"
"Burger Joint",4.01432792637497,5.7,7.28,"Mexican"
"Italian Pizzeria",4.15794510145206,2.52,7.14,"Italian"
"American Diner",0.194285154854879,5.2,2.11,"American"
"Mexican Grill",3.03388556239661,8.08,12.42,"Mexican"
"Mexican Grill",4.59962688926607,10.58,14.01,"Mexican"
"Thai Noodle House",4.18018076904118,4.93,10.03,"Thai"
"German Brewery",1.72956024459563,1.76,13.14,"German"
"Burger Joint",2.22294548330829,2.38,2.78,"Mexican"
"Burger Joint",0.357352232583798,1.02,12.67,"Mexican"
"Mediterranean Grill",4.24824280401226,8.6,5.02,"Mediterranean"
"Thai Restaurant",5.85683841004502,6.63,4.51,"Thai"
"Chinese Buffet",2.83850543594454,3.52,12.55,"Chinese"
"Vietnamese Pho",5.34881428070366,12.31,4.94,"Vietnamese"
"Steakhouse",2.33171642159577,3.48,13.81,"American"
"Italian Pizzeria",4.46623582178727,5.76,6.64,"Italian"
"Indian Curry House",3.36907495432533,3.81,7.08,"Indian"
"Indian Curry House",1.10459338396322,2.69,7.37,"Indian"
"Thai Restaurant",0.70028423354961,1.52,6.2,"Thai"
"Spanish Tapas",1.49461799811106,11.66,10.35,"Spanish"
"Thai Noodle House",4.34516700294334,10.14,7.89,"Thai"
"Spanish Tapas",3.58524347490165,3.87,14.81,"Spanish"
"Mexican Grill",4.25196434080135,2.5,10.8,"Mexican"
"Indian Curry House",5.15673420804087,3.58,9.53,"Indian"
"Italian Bistro",1.95307029341348,2.92,7.59,"Italian"
"Thai Noodle House",3.04061102978885,7.11,4.05,"Thai"
"Steakhouse",0.547506876755506,10.11,13.37,"American"
"Greek Taverna",4.79671221661847,3.44,1.7,"Mediterranean"
"German Brewery",4.80825537634082,11.6,5.54,"German"
"French Cafe",3.84643609549385,11.73,8.07,"French"
"American Diner",3.66380826982204,6.04,4.98,"American"
"Peruvian Cuisine",2.58969022356905,10.9,6.66,"Peruvian"
"Spanish Tapas",1.53096534644719,1.31,14.02,"Spanish"
"Seafood Shack",0.557574203773402,9.47,10.4,"American"
"Spanish Tapas",5.59184432525653,9.6,3.37,"Spanish"
"Seafood Shack",1.98357628819067,14.39,9.22,"American"
"Italian Bistro",5.33986197013874,8.45,14.36,"Italian"
"Seafood Shack",4.36280269604176,13.22,4.61,"American"
"Italian Bistro",5.30228472000454,12.57,5.67,"Italian"
"French Cafe",5.71122793741524,9.69,2.52,"French"
"French Cafe",4.10438197837211,8.91,3.22,"French"
"Korean BBQ",2.45848989016376,8.45,8.56,"Korean"
"Seafood Shack",4.02719243927859,9.92,7.15,"American"
"Brazilian Steakhouse",3.52187080662698,2.07,4.97,"Brazilian"
"Korean BBQ",3.75252760252915,11.76,11.41,"Korean"
"Steakhouse",1.75041557229124,11.09,7.99,"American"
"Chinese Buffet",1.95696806090418,12.3,4.8,"Chinese"
"Sushi Palace",3.12095254184678,12.37,11.43,"Japanese"
"Thai Restaurant",5.6752064515138,10.53,4.98,"Thai"
"Sushi Palace",1.45369926474523,9.55,3.51,"Japanese"
"Italian Pizzeria",4.67456457833759,8.95,5.33,"Italian"
"Steakhouse",5.8105179636972,47,10.04,"American"
"Mexican Grill",1.18906402906869,7.25,4.82,"Mexican"
"Steakhouse",3.13125371120404,1.44,9.18,"American"
"Chinese Buffet",2.47350878352299,9.38,3.08,"Chinese"
"Italian Pizzeria",1.12372107410338,13.45,2.69,"Italian"
"Burger Joint",5.53656409541145,8.94,3.17,"Mexican"
"Sushi Palace",2.8440561020514,11.66,10.61,"Japanese"
"Mexican Grill",4.18457382572815,14.41,4.57,"Mexican"
"Mexican Grill",1.26207106271759,9.38,15.35,"Mexican"
"Seafood Shack",2.92579630115069,11.2,14.03,"American"
"Greek Taverna",4.01381025959272,4.44,11.07,"Mediterranean"
"American Diner",3.55098892264068,1.26,13.87,"American"
"Burger Joint",4.36428712536581,7.82,14.46,"Mexican"
"German Brewery",5.54955645864829,12.07,2.54,"German"
"German Brewery",4.49109318498522,12.72,2.25,"German"
"Burger Joint",2.88826967875939,11.1,13.54,"Mexican"
"Sushi Palace",5.120751074492,3.3,6.27,"Japanese"
"American Diner",0.678899984341115,8.25,11.46,"American"
"Italian Pizzeria",0.244665953051299,9.18,13.81,"Italian"
"Peruvian Cuisine",2.26776101982687,8.52,15.69,"Peruvian"
"German Brewery",2.84834391952027,6.02,10.4,"German"
"Spanish Tapas",2.4002962813247,10.4,3.77,"Spanish"
"Indian Curry House",1.75262114370707,5.27,10.29,"Indian"
"Japanese Ramen",2.96824202933349,11.64,8.29,"Japanese"
"Mediterranean Grill",1.07650445145555,1.9,1.92,"Mediterranean"
"Japanese Ramen",0.379296205798164,1.64,14.68,"Japanese"
"BBQ Joint",1.00214899447747,12.64,7.1,"American"
"Peruvian Cuisine",5.11515767392702,6.11,12.95,"Peruvian"
"Thai Noodle House",4.04326222611126,8.37,3.59,"Thai"
"Thai Restaurant",5.59221210617106,11.55,1.64,"Thai"
"American Diner",2.94800271166023,14.47,10.38,"American"
"Italian Pizzeria",0.256522734160535,4.8,12.25,"Italian"
"American Diner",3.70576833707746,7.74,13.98,"American"
"Seafood Shack",0.89378726517316,1.5,3.78,"American"
"Burger Joint",4.02060120992828,7.93,10.91,"Mexican"
"BBQ Joint",2.89485629796982,12.88,14.09,"American"
"Cajun Kitchen",1.11816347767599,9.21,7.4,"Mexican"
"Italian Bistro",5.03885918448213,4.6,8.75,"Italian"
"Mexican Grill",1.69075064335484,14.78,7.98,"Mexican"
"Sushi Palace",2.46947922317777,9.61,12.16,"Japanese"
"Chinese Buffet",4.98134762358386,3.24,2.61,"Chinese"
"Chinese Buffet",2.10327853437047,1.15,5.17,"Chinese"
"German Brewery",5.59379768795334,5.73,2.15,"German"
"Sushi Palace",5.27073209022637,12.27,8.96,"Japanese"
"Burger Joint",5.60060298384633,6.29,9.16,"Mexican"
"Steakhouse",0.129447953938507,10.93,8.61,"American"
"Sushi Palace",4.76059799492359,6.49,10.9,"Japanese"
"Vietnamese Pho",1.65079731119331,9.41,12.56,"Vietnamese"
"BBQ Joint",1.19931580426637,1.42,2.81,"American"
"Chinese Buffet",0.534276407212019,14.33,8.76,"Chinese"
"American Diner",2.96067836130969,10.62,11.66,"American"
"Chinese Buffet",2.25449726963416,10.83,6.61,"Chinese"
"BBQ Joint",5.50069559582043,4.47,8.53,"American"
"Thai Noodle House",0.797935370216146,4.93,14.02,"Thai"
"Italian Bistro",0.836441516829655,8.74,1.28,"Italian"
"Brazilian Steakhouse",1.21513926181942,9.21,5.52,"Brazilian"
"Brazilian Steakhouse",1.33889557241928,5.75,6.3,"Brazilian"
"Italian Bistro",4.20908124002162,2.17,5.12,"Italian"
"Cajun Kitchen",0.289006778411567,9.52,14.67,"Mexican"
"Seafood Shack",0.539200966595672,7.27,10.12,"American"
"Chinese Buffet",4.53872738108039,6.62,7.42,"Chinese"
"Mediterranean Grill",1.13489434153307,5.13,8.54,"Mediterranean"
"Mediterranean Grill",0.281879691733047,5.91,12.98,"Mediterranean"
"German Brewery",1.64939226116985,6.08,7.84,"German"
"American Diner",4.91847863919102,1.76,8.94,"American"
"Pizza Place",3.68288649574388,9.33,1.77,"American"
"Korean BBQ",3.23696500982624,8.77,9.76,"Korean"
"French Cafe",5.1874295454938,1.27,12.7,"French"
"Italian Pizzeria",1.87738524104934,9.61,8.48,"Italian"
"Thai Noodle House",0.769031951273792,1.33,2.61,"Thai"
"Spanish Tapas",5.64746188656427,1.42,2.44,"Spanish"
"German Brewery",3.01548688565381,4.29,2.58,"German"
"Japanese Ramen",5.66020297382493,14.04,12.63,"Japanese"
"Mediterranean Grill",0.283987051784061,1.14,4.68,"Mediterranean"
"Pizza Place",1.1783241353929,12.33,7.26,"American"
"Brazilian Steakhouse",4.95036290781572,14.27,3.09,"Brazilian"
"German Brewery",4.68290761138778,4.07,1.89,"German"
"Korean BBQ",5.70872860283125,7.4,5.18,"Korean"
"Mexican Grill",2.61966760042124,11.56,2.07,"Mexican"
"American Diner",3.12448320153635,6.11,3.88,"American"
"French Cafe",4.25421729115769,11.02,14.94,"French"
"Greek Taverna",2.85043076884467,10.87,13.4,"Mediterranean"
"Japanese Ramen",1.52555875270627,13.75,11.95,"Japanese"
"Italian Pizzeria",1.8519102454884,9.05,5.77,"Italian"
"Japanese Ramen",2.43001918559894,11.26,14.31,"Japanese"
"Indian Curry House",4.28473513135687,8.92,14.66,"Indian"
"Sushi Palace",2.69776832074858,7.74,14.19,"Japanese"
"Italian Bistro",4.6946763520129,3.84,14.97,"Italian"
"Brazilian Steakhouse",1.3239878650289,8.74,12.69,"Brazilian"
"Vietnamese Pho",4.02322589608375,2.69,10.56,"Vietnamese"
"Brazilian Steakhouse",4.8302496737102,9.56,10.62,"Brazilian"
"Greek Taverna",1.61601012018509,4.6,1.33,"Mediterranean"
"Seafood Shack",3.86692890217528,14.12,15.57,"American"
"Mediterranean Grill",5.66098037995398,6.64,7.11,"Mediterranean"
"Steakhouse",0.889774698880501,8.28,1.45,"American"
"American Diner",2.64919878826477,4.02,6.09,"American"
"Sushi Palace",1.38345474065281,14.36,5.08,"Japanese"
"American Diner",5.54145122419577,14.3,2.04,"American"
"Steakhouse",1.0070048015099,9.37,6.36,"American"
"Thai Noodle House",3.93463802516926,1.14,8.65,"Thai"
"French Cafe",4.50303532236721,7.73,14.52,"French"
"Thai Restaurant",2.81498305166606,6.94,4.38,"Thai"
"Sushi Palace",1.05686003689189,14.02,11.82,"Japanese"
"Seafood Shack",4.41699556203093,11.13,7.64,"American"
"Brazilian Steakhouse",0.190354134188965,9.11,9.06,"Brazilian"
"Mexican Grill",2.39175519084092,7.78,6.01,"Mexican"
"Greek Taverna",4.42227803778369,11.3,1.73,"Mediterranean"
"Spanish Tapas",5.12041390375234,1.36,3.81,"Spanish"
"French Cafe",5.54465880182106,9.36,7.25,"French"
"Thai Restaurant",1.61671402233187,2.4,1.4,"Thai"
"Mexican Grill",2.43713861526921,10.78,10.31,"Mexican"
"Thai Restaurant",2.32748632978182,12.14,5.92,"Thai"
"Peruvian Cuisine",2.46168248208705,14.94,13.66,"Peruvian"
"Pizza Place",5.49470045783091,7.07,15.76,"American"
"German Brewery",3.96342965234071,4.53,4.91,"German"
"BBQ Joint",4.93814614703879,10.74,9.94,"American"
"Greek Taverna",2.55481288619339,12.77,15.69,"Mediterranean"
"Chinese Buffet",3.56247129472904,6.08,5.8,"Chinese"
"Thai Noodle House",5.38531342709903,14.92,6.47,"Thai"
"Sushi Palace",5.4191587429028,10.47,11.12,"Japanese"
"Peruvian Cuisine",1.32079388429411,11.45,2.4,"Peruvian"
"Indian Curry House",1.35077777660918,2.09,10.26,"Indian"
"Indian Curry House",3.89785390179604,1.65,1.84,"Indian"
"Brazilian Steakhouse",0.474346373253502,11.04,8.49,"Brazilian"
"French Cafe",1.75552534500603,8.5,6.75,"French"
"Thai Restaurant",1.37903090757318,5.48,5.4,"Thai"
"Pizza Place",1.3626121554058,5.04,5.58,"American"
"Thai Restaurant",4.69152695611119,7.09,12.8,"Thai"
"Korean BBQ",2.68455107582267,9.04,15.59,"Korean"
"Italian Pizzeria",5.09844741970301,2.8,12,"Italian"
"Japanese Ramen",2.82400335355196,1.83,8.77,"Japanese"
"Seafood Shack",0.397235593921505,9.57,8.18,"American"
"Japanese Ramen",2.37649876950309,6.95,15.45,"Japanese"
"BBQ Joint",1.0224671598291,5.21,8.79,"American"
"French Cafe",0.49601165142376,9.61,14.54,"French"
"Italian Bistro",0.591180069791153,3.2,4.72,"Italian"
"Japanese Ramen",5.53067841390148,10.69,7.48,"Japanese"
"Italian Bistro",1.51596524119377,13.33,4.26,"Italian"
"Burger Joint",4.33014524953906,7.73,11.31,"Mexican"
"Italian Pizzeria",2.10756778598297,14.88,6.2,"Italian"
"Indian Curry House",0.335686983261257,13.43,3.62,"Indian"
"French Cafe",3.6051143564051,12.32,13.69,"French"
"Pizza Place",0.751911325915717,4.22,4.31,"American"
"Italian Bistro",5.89304154452402,13.56,3.38,"Italian"
"Burger Joint",1.99766052514315,6.12,12.73,"Mexican"
"Brazilian Steakhouse",0.340955172525719,6.89,11.32,"Brazilian"
"Seafood Shack",4.42078708887566,11.28,3.6,"American"
"Italian Pizzeria",0.914465128583834,6,8.75,"Italian"
"American Diner",1.34023003345355,4.47,12.58,"American"
"Vietnamese Pho",5.36247461969033,8.29,11.87,"Vietnamese"
"Indian Curry House",1.25055070780218,12.77,6.87,"Indian"
"Chinese Buffet",5.50232690398116,14.82,11.11,"Chinese"
"American Diner",5.05459547797218,12.35,1.49,"American"
"Spanish Tapas",3.99981625967193,10.39,2.5,"Spanish"
"Japanese Ramen",0.394426456838846,6.91,6.04,"Japanese"
"Spanish Tapas",1.86480359511916,4.41,13.48,"Spanish"
"Thai Restaurant",3.14091831585392,10.63,4.75,"Thai"
"Italian Pizzeria",2.3033176233992,2.97,9.64,"Italian"
"Steakhouse",5.22544058836065,11.97,15.93,"American"
"BBQ Joint",5.15108396923169,12.73,6.89,"American"
"Chinese Buffet",2.18514134450816,9.73,12.9,"Chinese"
"Thai Noodle House",2.36836698416155,10.56,15.35,"Thai"
"Peruvian Cuisine",2.87088578776456,14.28,12.09,"Peruvian"
"Chinese Buffet",5.07802299859468,10.66,10.53,"Chinese"
"Italian Bistro",1.18772584805265,3.37,5.27,"Italian"
"Sushi Palace",3.42564576782752,11.87,2.2,"Japanese"
"Pizza Place",1.22460445044562,13.89,5.35,"American"
"Korean BBQ",1.67975819066633,12.15,12.41,"Korean"
"French Cafe",0.366357180615887,10.14,12.54,"French"
"Indian Curry House",4.33903787005693,1.17,15.17,"Indian"
"French Cafe",3.01783489198424,10.66,11.15,"French"
"Thai Restaurant",2.03881035756785,1.35,7.28,"Thai"
"BBQ Joint",1.75827388952021,9.68,2.29,"American"
"Japanese Ramen",1.38853705034126,3.86,13.25,"Japanese"
"Vietnamese Pho",5.38022214439698,11.36,14.43,"Vietnamese"
"German Brewery",3.43443074240349,8.88,12.27,"German"
"Sushi Palace",4.03441632790491,1.78,11.33,"Japanese"
"Steakhouse",5.1318828396732,1.15,8,"American"
"Greek Taverna",2.7793947101105,7.47,8.4,"Mediterranean"
"Greek Taverna",3.54515001976397,9.55,10.93,"Mediterranean"
"Steakhouse",5.03467991822399,2.12,9.96,"American"
"Thai Noodle House",3.17834156863391,6.65,4.38,"Thai"
"American Diner",0.825718493573368,3.59,6.74,"American"
"Indian Curry House",5.44980645552278,6.25,11.63,"Indian"
"Cajun Kitchen",0.909072188055143,3.23,4.45,"Mexican"
"Burger Joint",2.6367280920269,5.31,5.15,"Mexican"
"Sushi Palace",4.61995567057747,10.32,5.58,"Japanese"
"Pizza Place",3.2473209568765,10.94,1.89,"American"
"Thai Noodle House",2.74649282591417,1.95,1.37,"Thai"
"Brazilian Steakhouse",4.84772246512584,13.96,4.25,"Brazilian"
"Thai Noodle House",5.23209655748215,11.53,15.18,"Thai"
"Chinese Buffet",3.55663904605899,11.37,13.82,"Chinese"
"Chinese Buffet",4.04268451486714,9.81,9.61,"Chinese"
"Italian Pizzeria",5.49564421225805,13.34,6.5,"Italian"
"German Brewery",3.41657328729052,2.68,3.61,"German"
"Spanish Tapas",1.33503519431688,7.63,7.38,"Spanish"
"Thai Noodle House",0.498366399877705,8.84,1.79,"Thai"
"Peruvian Cuisine",4.62986818288919,12.83,11.91,"Peruvian"
"Burger Joint",1.9269409080036,6.72,8.51,"Mexican"
"Thai Restaurant",4.96123354895972,2.48,13.83,"Thai"
"Pizza Place",0.944906128081493,12.79,11.64,"American"
"Italian Bistro",0.328574788873084,8.92,11.93,"Italian"
"Indian Curry House",1.03217988521792,5.9,11.43,"Indian"
"Italian Pizzeria",2.58324663958047,10.12,8.97,"Italian"
"Italian Bistro",3.79671014184132,5.82,15.96,"Italian"
"Mexican Grill",5.0167931524571,9.11,13.71,"Mexican"
"Peruvian Cuisine",3.79481683322229,9.75,9.05,"Peruvian"
"Greek Taverna",3.76431381250732,7.2,5.16,"Mediterranean"
"Peruvian Cuisine",4.08991214635316,5.09,7.49,"Peruvian"
"BBQ Joint",0.479363941797055,6.43,10.67,"American"
"Thai Noodle House",2.31290499446914,10.77,15.06,"Thai"
"Brazilian Steakhouse",1.77078536131885,3.88,8.63,"Brazilian"
"Chinese Buffet",4.30391906630248,4.33,7.38,"Chinese"
"Burger Joint",2.97883756079245,12.15,6.07,"Mexican"
"Japanese Ramen",4.50089068969246,5.15,12.46,"Japanese"
"Pizza Place",3.4920365776401,14.17,11.18,"American"
"Pizza Place",4.06233658094425,3.77,14.34,"American"
"Vietnamese Pho",5.19527144287713,6.14,8.9,"Vietnamese"
"Thai Noodle House",2.30981936713215,13.65,15.09,"Thai"
"Burger Joint",5.40742909780238,4.12,3.88,"Mexican"
"Italian Bistro",4.99879119500983,13.59,2.12,"Italian"
"Peruvian Cuisine",5.53697665072978,12.09,4.69,"Peruvian"
"Thai Restaurant",0.389922629040666,13.99,3.94,"Thai"
"Seafood Shack",5.27164330030791,14.21,13.43,"American"
"Spanish Tapas",4.83971195833292,2.07,6.92,"Spanish"
"BBQ Joint",3.53487768438645,9.3,13.8,"American"
"Sushi Palace",1.52426334049087,1.21,8.08,"Japanese"
"Greek Taverna",4.7926045448985,12.97,13.09,"Mediterranean"
"BBQ Joint",2.73979505507741,2.84,5.63,"American"
"Brazilian Steakhouse",3.97730908149388,14.27,7.78,"Brazilian"
"Korean BBQ",3.21283318868373,3.33,9.49,"Korean"
"Greek Taverna",0.422766470257193,8.56,6.79,"Mediterranean"
"Korean BBQ",0.682615391677245,5.47,8.98,"Korean"
"Greek Taverna",0.642374925827607,13.93,15.25,"Mediterranean"
"Peruvian Cuisine",4.90344775067642,9.25,5.56,"Peruvian"
"Mexican Grill",4.50385091325734,14.53,1.69,"Mexican"
"Mediterranean Grill",1.59876108951867,4.51,3.23,"Mediterranean"
"Cajun Kitchen",2.36533893961459,10.36,7.24,"Mexican"
"BBQ Joint",4.05045363907702,5.03,3.17,"American"
"Seafood Shack",5.77334319141228,7.01,1.9,"American"
"Vietnamese Pho",5.03244845392183,4.74,15.36,"Vietnamese"
"Mediterranean Grill",3.74545561636332,2.66,5.22,"Mediterranean"
"Italian Bistro",4.4453855589265,6.64,14.2,"Italian"
"Steakhouse",2.5608999728458,1.72,4.4,"American"
"Peruvian Cuisine",4.57648271641228,1.51,9.73,"Peruvian"
"Burger Joint",5.07742665584665,14.15,7.37,"Mexican"
"French Cafe",2.43877341537736,10.39,3.22,"French"
"Peruvian Cuisine",2.2774672256317,14.36,15.39,"Peruvian"
"Greek Taverna",2.96542400303297,5.03,6.08,"Mediterranean"
"American Diner",3.72321970288176,11.87,12.55,"American"
"Pizza Place",3.54686405218672,11.81,12.27,"American"
"Chinese Buffet",0.361958310427144,7.19,5.96,"Chinese"
"Pizza Place",0.147445059474558,3.33,9.24,"American"
"Indian Curry House",3.18336345746648,7.5,8.61,"Indian"
"Burger Joint",0.652024914301001,12.46,5.4,"Mexican"
"German Brewery",0.322122200275771,11.6,9.7,"German"
"Mediterranean Grill",5.4698476457037,13.09,2.95,"Mediterranean"
"Mediterranean Grill",2.78601225819439,8.4,1.47,"Mediterranean"
"Brazilian Steakhouse",5.5368869494414,7.81,4.64,"Brazilian"
"Thai Noodle House",1.71056649852544,2.67,1.63,"Thai"
"Thai Restaurant",5.52285255584866,8.66,13.91,"Thai"
"Steakhouse",3.79393188280519,10.76,10.56,"American"
"Mediterranean Grill",5.04915689486079,6.75,7.74,"Mediterranean"
"Peruvian Cuisine",4.2300062734168,9.09,9.88,"Peruvian"
"French Cafe",1.27683625277132,5.07,15.14,"French"
"Japanese Ramen",3.2128359058639,13.24,4.27,"Japanese"
"Mediterranean Grill",1.10257652606815,9.53,5.23,"Mediterranean"
"Indian Curry House",0.187288102693856,2.25,6.39,"Indian"
"Mediterranean Grill",4.96904200084973,9.11,10.04,"Mediterranean"
"Steakhouse",1.25562804744113,10.86,3.34,"American"
"BBQ Joint",1.67734261611477,1.82,15.23,"American"
"French Cafe",2.49082493870519,5.41,8.71,"French"
"Mediterranean Grill",3.22403158934321,5.02,1.4,"Mediterranean"
"Thai Restaurant",2.588691493636,13.72,3.76,"Thai"
"Korean BBQ",3.31415579074528,3.03,8.97,"Korean"
"Cajun Kitchen",1.59227771491278,14.28,1.63,"Mexican"
"Greek Taverna",5.04377133660018,1.85,4.34,"Mediterranean"
"Japanese Ramen",2.96683638037648,2.91,15.53,"Japanese"
"Greek Taverna",0.536269561899826,6.13,1.34,"Mediterranean"
"Sushi Palace",5.92901140674949,5.73,9.62,"Japanese"
"Vietnamese Pho",1.44300928586163,3.73,4.78,"Vietnamese"
"Steakhouse",4.44854331791867,56,15.71,"American"
"Italian Pizzeria",3.83769499829505,9.16,10.76,"Italian"
"Chinese Buffet",1.87158770991955,2.86,15.81,"Chinese"
"Steakhouse",3.46917007092852,13.43,4.37,"American"
"Spanish Tapas",5.7736077812966,10.54,7.23,"Spanish"
"Italian Bistro",4.62653843380977,13.15,4.99,"Italian"
"Peruvian Cuisine",1.94217024270911,5.66,3.51,"Peruvian"
"Indian Curry House",1.9356144987978,13.47,8.05,"Indian"
"Thai Restaurant",3.75476715380792,9.26,2.7,"Thai"
"BBQ Joint",5.41653708575759,4.72,5.52,"American"
"German Brewery",5.58732188243885,12.97,6.19,"German"
"Brazilian Steakhouse",5.51938201067969,9.13,14.91,"Brazilian"
"Steakhouse",0.87065091279801,12.24,5.65,"American"
"Italian Pizzeria",1.19817031500861,10.98,12.94,"Italian"
"Italian Bistro",2.5734737131279,12.94,12.6,"Italian"
"Korean BBQ",5.38452387745492,11.19,13.48,"Korean"
"Spanish Tapas",4.59231147782411,9.64,12.23,"Spanish"
"Japanese Ramen",0.985743749910034,8.18,9.55,"Japanese"
"Brazilian Steakhouse",3.05264400588349,9.67,15.48,"Brazilian"
"Japanese Ramen",3.8619664052967,1.21,6.9,"Japanese"
"Peruvian Cuisine",5.79814231793862,8.31,13.93,"Peruvian"
"Brazilian Steakhouse",0.228382779657841,13.45,8.04,"Brazilian"
"Mexican Grill",1.75355264334939,3.08,10.21,"Mexican"
"Burger Joint",4.99459632213693,13.83,7.46,"Mexican"
"Sushi Palace",1.58192835475784,10.92,5.93,"Japanese"
"Pizza Place",5.45463332417421,2.33,4.77,"American"
"Italian Bistro",5.28430095035583,2.18,1.46,"Italian"
"Spanish Tapas",2.73055355714168,1.32,7.34,"Spanish"
"Sushi Palace",0.721800014609471,6.95,9.47,"Japanese"
"Italian Pizzeria",2.39792818736751,11.67,2.46,"Italian"
"Korean BBQ",4.40916459518485,6.5,10.38,"Korean"
"Burger Joint",5.38847604487091,8.34,6.88,"Mexican"
"Steakhouse",0.362060752790421,6.25,3.58,"American"
"Steakhouse",2.60008391716983,9.58,1.7,"American"
"Italian Pizzeria",5.88509457001928,3.91,15.25,"Italian"
"Cajun Kitchen",2.59207902194466,11.75,14.85,"Mexican"
"Japanese Ramen",0.254541525174864,8.83,11.91,"Japanese"
"Korean BBQ",2.53575417643879,5.28,7.34,"Korean"
"Brazilian Steakhouse",1.24548564630095,1.2,7.16,"Brazilian"
"Greek Taverna",1.39700768920593,3.39,7.73,"Mediterranean"
"Brazilian Steakhouse",4.95574184895959,7.48,11.39,"Brazilian"
"Cajun Kitchen",2.77673698370345,4.52,8.2,"Mexican"
"Seafood Shack",1.46106770790648,2.48,1.4,"American"
"Italian Bistro",2.5932584004011,4.62,5.18,"Italian"
"Brazilian Steakhouse",3.36981564555317,3.09,5.42,"Brazilian"
"Indian Curry House",3.45542146342341,14.29,15,"Indian"
"Sushi Palace",1.97934135545511,10.07,10.16,"Japanese"
"Mexican Grill",1.92120201191865,12.62,7.43,"Mexican"
"Italian Bistro",3.67757577807643,11.31,5.7,"Italian"
"Chinese Buffet",1.81405955059454,5.5,10.97,"Chinese"
"French Cafe",5.2202991820639,5.26,5.88,"French"
"BBQ Joint",4.85495145155583,14.84,4.09,"American"
"Sushi Palace",4.03775189048611,6.13,9.04,"Japanese"
"Thai Noodle House",2.10142193515785,14.88,15.19,"Thai"
"Korean BBQ",4.394095890061,7.05,15.13,"Korean"
"Burger Joint",3.67088029170409,10.73,9.43,"Mexican"
"Italian Pizzeria",4.12820349149406,14.22,7.6,"Italian"
"Thai Restaurant",4.68526912257075,3.35,13.79,"Thai"
"Peruvian Cuisine",4.72329013026319,12.82,12.76,"Peruvian"
"Indian Curry House",1.67335010173265,1.27,12,"Indian"
"Cajun Kitchen",2.38311142858584,11.61,6.34,"Mexican"
"Indian Curry House",1.77311522243544,11.94,13.44,"Indian"
"Korean BBQ",5.65671884824988,6.26,7.52,"Korean"
"Sushi Palace",1.17287516710348,12.69,9.19,"Japanese"
"Seafood Shack",3.07580101322383,7.97,8.27,"American"
"Greek Taverna",0.389014689740725,3.69,2.22,"Mediterranean"
"Thai Restaurant",3.50804737913422,13.06,10.71,"Thai"
"Italian Pizzeria",0.244972155080177,14.44,8.54,"Italian"
"American Diner",0.244526314991526,7.07,7.74,"American"
"Chinese Buffet",4.11374312702101,11.79,3.35,"Chinese"
"Pizza Place",2.86166760290507,11.43,10.84,"American"
"Mediterranean Grill",0.276744105806574,11.31,10.02,"Mediterranean"
"Indian Curry House",5.49927829238586,5.34,8.24,"Indian"
"Italian Pizzeria",5.97944600044284,5.74,2,"Italian"
"Italian Pizzeria",5.68391180364415,2.37,15.15,"Italian"
"Pizza Place",4.9173306429293,13.28,7.65,"American"
"Cajun Kitchen",5.9970498964889,4.34,11.93,"Mexican"
"Pizza Place",5.12068302135449,14.11,5.93,"American"
"Steakhouse",4.11279626116157,6.69,14.55,"American"
"Sushi Palace",1.64490109202452,10.11,14.9,"Japanese"
"Spanish Tapas",0.628892875346355,2.7,15.48,"Spanish"
"Mexican Grill",2.72542511171196,5.78,11.29,"Mexican"
"Chinese Buffet",0.853969753556885,13.12,11.32,"Chinese"
"Seafood Shack",3.03630659740884,14.98,4.81,"American"
"Sushi Palace",5.48869187680539,10.06,8.74,"Japanese"
"Thai Restaurant",1.58843322778121,6.88,14.22,"Thai"
"Sushi Palace",2.8795325611718,8.71,15.9,"Japanese"
"Peruvian Cuisine",3.76915480555035,13.82,7.32,"Peruvian"
"Seafood Shack",0.994793960009702,8.03,15.49,"American"
"Thai Noodle House",0.849680185993202,14.83,9.46,"Thai"
"French Cafe",4.07893806828652,5.77,2.12,"French"
"Steakhouse",2.03928324170411,3.21,13.16,"American"
"BBQ Joint",5.52334430227056,6.19,10.77,"American"
"German Brewery",4.62883573547006,11.72,1.78,"German"
"Pizza Place",0.274223991250619,4.86,8.7,"American"
"Sushi Palace",3.87555833810475,14.36,13.06,"Japanese"
"Seafood Shack",4.93738101630006,7.45,11.07,"American"
"American Diner",4.86436735317111,11.46,4.98,"American"
"Spanish Tapas",1.50175193680916,2.56,3.64,"Spanish"
"Cajun Kitchen",0.976533915777691,12.43,13.17,"Mexican"
"American Diner",2.60383595149033,4.92,2.27,"American"
"Italian Pizzeria",5.92094951805193,9.16,9.23,"Italian"
"Mexican Grill",3.24078196112532,9.72,13.52,"Mexican"
"Cajun Kitchen",1.22227536409628,12.78,6.47,"Mexican"
"Korean BBQ",5.05871013633441,3.19,15.46,"Korean"
"Cajun Kitchen",4.68348819229286,3.76,14.39,"Mexican"
"Thai Restaurant",4.83683332572691,9.81,11.37,"Thai"
"Brazilian Steakhouse",0.96086826347746,2.98,8.04,"Brazilian"
"Steakhouse",2.51429934510961,12.61,1.81,"American"
"Brazilian Steakhouse",2.37717877475079,10.8,15.38,"Brazilian"
"Greek Taverna",0.140693273348734,6.61,1.74,"Mediterranean"
"Italian Pizzeria",4.72282742662355,2.99,8.71,"Italian"
"Thai Restaurant",0.518166471226141,11.4,13.58,"Thai"
"Steakhouse",3.9568639023928,8.13,1.89,"American"
"Chinese Buffet",2.54962718079332,7.33,7.3,"Chinese"
"Thai Noodle House",1.78539240406826,7.52,4.11,"Thai"
"Greek Taverna",0.843469687434845,1.82,8.53,"Mediterranean"
"Spanish Tapas",3.74529224075377,1.26,8.27,"Spanish"
"American Diner",0.843560471199453,14.35,1.79,"American"
"Italian Bistro",3.20178245261777,1.93,9.89,"Italian"
"German Brewery",0.558091411739588,12.77,11.15,"German"
"Burger Joint",5.20460382348392,11.01,12.66,"Mexican"
"Greek Taverna",5.47078835051507,13.14,7.09,"Mediterranean"
"Spanish Tapas",1.80211702582892,7.04,13.04,"Spanish"
"Steakhouse",3.03081197554711,13.23,1.56,"American"
"Spanish Tapas",2.85021100281738,14.16,6.73,"Spanish"
"American Diner",1.04619737954345,4.11,11.92,"American"
"Korean BBQ",4.8854909948539,7.98,15.96,"Korean"
"Italian Pizzeria",4.38944521090016,6.36,11.94,"Italian"
"Brazilian Steakhouse",2.07424705903977,14.69,2.25,"Brazilian"
"Sushi Palace",2.78491001441143,3.34,15.35,"Japanese"
"Japanese Ramen",1.55142015656456,3.66,12.64,"Japanese"
"Brazilian Steakhouse",0.908429124369286,3.23,14.19,"Brazilian"
"Steakhouse",4.11400914418045,8.8,2.14,"American"
"Seafood Shack",5.96110566889402,11.8,7.38,"American"
"Chinese Buffet",4.19721547078807,8.63,11.11,"Chinese"
"Indian Curry House",2.81474284084979,13.07,1.66,"Indian"
"Greek Taverna",1.13117331026588,13.68,3.01,"Mediterranean"
"Brazilian Steakhouse",5.44951573922299,14.61,14.36,"Brazilian"
"Chinese Buffet",4.33893691815901,12.63,7.52,"Chinese"
"Indian Curry House",5.1358369234018,5.26,3.2,"Indian"
"German Brewery",4.08423164766282,7.23,5.33,"German"
"Thai Noodle House",5.5946390041383,7.79,13.4,"Thai"
"German Brewery",0.544749301532283,14.32,10.62,"German"
"Indian Curry House",4.59850330778863,8.57,14.67,"Indian"
"Steakhouse",3.34353463517036,6.91,4.97,"American"
"Thai Restaurant",4.22098719275091,9.29,7.76,"Thai"
"Mexican Grill",4.88702985844575,4.03,6.02,"Mexican"
"Burger Joint",3.83175465860404,4.88,7.84,"Mexican"
"Greek Taverna",2.06666134723928,3.82,8.89,"Mediterranean"
"Italian Bistro",0.171332809701562,1.27,8.83,"Italian"
"Brazilian Steakhouse",3.27698683058843,8.79,10.76,"Brazilian"
"Pizza Place",0.236605116608553,3.49,11.81,"American"
"BBQ Joint",4.5490327718202,2.57,13.52,"American"
"Korean BBQ",1.22599401061889,6.5,7.55,"Korean"
"French Cafe",1.63838637094013,4.17,8.29,"French"
"Japanese Ramen",1.06583857552614,5.09,10.57,"Japanese"
"Vietnamese Pho",1.74358134351205,5.7,8.08,"Vietnamese"
"Italian Bistro",3.5341671266593,5.98,5.39,"Italian"
"Brazilian Steakhouse",5.21110485838726,6.41,2.41,"Brazilian"
"Korean BBQ",4.62630607918836,10.12,10.21,"Korean"
"Mediterranean Grill",5.08169491731096,3.04,4.3,"Mediterranean"
"Burger Joint",2.66819960614666,7.63,15.65,"Mexican"
"Pizza Place",1.8383445792133,10.51,9.63,"American"
"French Cafe",1.11511112686712,3.82,4.52,"French"
"Steakhouse",4.53731135930866,9.87,4.67,"American"
"Seafood Shack",3.29875484921504,7.34,5.25,"American"
"Mexican Grill",5.83142595083918,3.96,5.33,"Mexican"
"Cajun Kitchen",4.60296992340591,13.97,11.97,"Mexican"
"Italian Bistro",3.13516213311814,6.31,10.86,"Italian"
"Burger Joint",4.10375827425159,5.05,15.25,"Mexican"
"Thai Restaurant",4.78672514669597,6.57,13.05,"Thai"
"Thai Restaurant",1.62031538502779,8.79,1.83,"Thai"
"Korean BBQ",1.85621696920134,4.11,8.98,"Korean"
"Peruvian Cuisine",5.78002360828687,11.53,14.08,"Peruvian"
"Sushi Palace",2.84616951874923,3.66,4.18,"Japanese"
"Japanese Ramen",3.69729314164724,2.89,9.04,"Japanese"
"Indian Curry House",5.95477671336848,2.12,5.36,"Indian"
"Thai Restaurant",3.02484176335856,8,14.21,"Thai"
"German Brewery",4.52738506603055,7.67,15.75,"German"
"Cajun Kitchen",0.557364137447439,12.93,15.53,"Mexican"
"Pizza Place",0.426947474246845,14.83,1.39,"American"
"BBQ Joint",5.92351952679455,7.61,8.32,"American"
"Chinese Buffet",0.15968282551039,5.78,5.29,"Chinese"
"Chinese Buffet",4.60458164396696,5.34,3.14,"Chinese"
"BBQ Joint",2.0208022170933,4.16,8.94,"American"
"Korean BBQ",2.86925417052116,11.62,2.73,"Korean"
"Japanese Ramen",0.236123174289241,6.38,2.47,"Japanese"
"Mexican Grill",3.81606665207073,2.38,9.77,"Mexican"
"French Cafe",1.42232043284457,6.97,13.71,"French"
"Greek Taverna",2.44279931618366,1.04,15.52,"Mediterranean"
"Greek Taverna",5.10878022951074,13.24,4.69,"Mediterranean"
"Korean BBQ",5.0904622576898,6.37,6.17,"Korean"
"Korean BBQ",5.12521980835591,2.96,2.99,"Korean"
"Cajun Kitchen",1.43758864190895,6.89,10.46,"Mexican"
"Brazilian Steakhouse",5.76044503932353,12.46,3.63,"Brazilian"
"Steakhouse",2.72217544252053,3.36,2.54,"American"
"Greek Taverna",4.05613996363245,13.8,15.93,"Mediterranean"
"Thai Noodle House",3.67855524185579,14.31,15.86,"Thai"
"Chinese Buffet",2.39972481217701,8.78,12.2,"Chinese"
"Korean BBQ",4.07865473837592,5.03,14.12,"Korean"
"Mexican Grill",4.27967829694971,9.53,2.72,"Mexican"
"German Brewery",5.72294721931685,13.41,11.2,"German"
"Japanese Ramen",4.89522173632868,7.87,4.49,"Japanese"
"Sushi Palace",4.05844889641739,4.75,12.06,"Japanese"
"Indian Curry House",0.414442761056125,1.52,2.76,"Indian"
"Korean BBQ",0.585393248032779,9.66,7.18,"Korean"
"Thai Noodle House",1.42379558831453,10.55,7.42,"Thai"
"Italian Bistro",3.41648531961255,7.57,11.77,"Italian"
"Sushi Palace",3.0517986908555,11.87,12.61,"Japanese"
"French Cafe",1.69265909427777,5.15,14.14,"French"
"BBQ Joint",0.131838226295076,10.49,12.76,"American"
"German Brewery",0.710292413132265,5.29,11.48,"German"
"Sushi Palace",0.818442330136895,3.35,11.03,"Japanese"
"Thai Restaurant",3.96968083991669,6.12,9.11,"Thai"
"Japanese Ramen",5.50661807740107,4.49,2.97,"Japanese"
"Chinese Buffet",5.98480244723614,2.99,15.7,"Chinese"
"Spanish Tapas",5.74617223446257,3.65,3.51,"Spanish"
"Italian Bistro",0.902372182207182,1.25,11.4,"Italian"
"Cajun Kitchen",1.56634683888406,7.09,7.83,"Mexican"
"Indian Curry House",4.89103577327915,9.91,9.58,"Indian"
"Mediterranean Grill",2.01975469468161,13.87,6.03,"Mediterranean"
"Peruvian Cuisine",5.77096173546743,4.14,11.91,"Peruvian"
"Spanish Tapas",5.43677956431638,7.05,8.8,"Spanish"
"Thai Restaurant",4.27167529193684,12.68,5.38,"Thai"
"Pizza Place",0.388317945948802,9.54,14.65,"American"
"Pizza Place",0.954869567602873,6.78,4.85,"American"
"Japanese Ramen",0.854299050243571,12.22,5.1,"Japanese"
"Cajun Kitchen",5.49587634846102,5,4.31,"Mexican"
"Sushi Palace",4.44109377146233,2.32,9.33,"Japanese"
"Italian Bistro",5.66193109080195,8.8,2.49,"Italian"
"Steakhouse",1.40273619599175,7.71,15.67,"American"
"Peruvian Cuisine",5.91661857324652,13.5,5.48,"Peruvian"
"German Brewery",1.87217267430387,7.81,10.58,"German"
"Korean BBQ",5.09667322193272,1.15,10.64,"Korean"
"Seafood Shack",0.283435972477309,14.88,15.74,"American"
"Seafood Shack",4.95963162013795,4.05,4.41,"American"
"Vietnamese Pho",3.97981170334388,12.59,1.32,"Vietnamese"
"Mediterranean Grill",4.50196562292986,4.06,16,"Mediterranean"
"Indian Curry House",5.2364310285775,3.02,13.28,"Indian"
"Brazilian Steakhouse",4.98800735801924,10.23,2.29,"Brazilian"
"Peruvian Cuisine",1.07084733590018,6.79,13.16,"Peruvian"
"Italian Bistro",2.49485900891013,14.04,13.67,"Italian"
"Greek Taverna",0.194941675313748,3.27,9.44,"Mediterranean"
"Steakhouse",3.14065283443779,11.94,8.44,"American"
"Italian Bistro",2.33733754619025,5.28,2.14,"Italian"
"Mexican Grill",5.37596266362816,8.05,14.22,"Mexican"
"Korean BBQ",0.911341846734285,6.62,13.76,"Korean"
"Brazilian Steakhouse",1.40535546839237,13.61,14.04,"Brazilian"
"Peruvian Cuisine",5.60860424838029,11.33,9.05,"Peruvian"
"Peruvian Cuisine",3.74597340952605,5.3,8.39,"Peruvian"
"Thai Restaurant",1.78068916986231,14.64,2.62,"Thai"
"Brazilian Steakhouse",2.88491524977144,2.7,15.38,"Brazilian"
"German Brewery",4.00634071892127,10.39,14.25,"German"
"Vietnamese Pho",2.30586587958969,6.1,3.25,"Vietnamese"
"Greek Taverna",1.00363069288433,10.71,14.03,"Mediterranean"
"Brazilian Steakhouse",2.60498279384337,3.52,1.58,"Brazilian"
"Chinese Buffet",0.658715558378026,6.22,15.64,"Chinese"
"BBQ Joint",3.15995946421754,11.84,6.26,"American"
"Sushi Palace",3.04471923175734,8.47,4.2,"Japanese"
"Italian Pizzeria",1.05036134552211,11.91,7.73,"Italian"
"BBQ Joint",1.12949183180463,14.84,2.94,"American"
"Korean BBQ",0.73943855126854,12.78,7.83,"Korean"
"Thai Noodle House",0.651166702969931,9.13,10.67,"Thai"
"Burger Joint",2.08542687490117,6.05,10.75,"Mexican"
"Greek Taverna",1.88570608883165,12.42,2.33,"Mediterranean"
"Vietnamese Pho",5.93756884564646,14.23,14.57,"Vietnamese"
"Thai Noodle House",3.98932494814508,5.79,11.82,"Thai"
"Seafood Shack",4.20055055394769,4.57,15.36,"American"
"Korean BBQ",1.53008528915234,5.38,5.88,"Korean"
"Greek Taverna",3.61791224207263,2.54,1.67,"Mediterranean"
"Cajun Kitchen",1.77514031154569,10.02,8.7,"Mexican"
"Greek Taverna",3.66015988809522,6.84,1.29,"Mediterranean"
"Thai Restaurant",3.39340342348442,8.6,14.74,"Thai"
"Mediterranean Grill",0.653150031575933,3.21,2.81,"Mediterranean"
"Italian Pizzeria",0.644210558244959,14.78,11.23,"Italian"
"Cajun Kitchen",3.43065778249875,14.01,9.11,"Mexican"
"Greek Taverna",5.22012720983475,9.83,8.82,"Mediterranean"
"Mediterranean Grill",3.7289144839393,4.5,7.54,"Mediterranean"
"Italian Pizzeria",5.86768210192677,11.15,15.02,"Italian"
"American Diner",1.24401807503309,10.32,5.6,"American"
"Vietnamese Pho",3.24518993345555,11.04,10.99,"Vietnamese"
"Vietnamese Pho",5.25508165990468,10.2,10.98,"Vietnamese"
"Thai Noodle House",3.31660275848117,3.46,8.87,"Thai"
"Italian Pizzeria",4.71589671459515,6.72,13.44,"Italian"
"Greek Taverna",0.290375279751606,5.93,12.4,"Mediterranean"
"Greek Taverna",5.0170701029012,10.74,4.82,"Mediterranean"
"BBQ Joint",5.99794098322745,4.67,3.23,"American"
"Chinese Buffet",5.68373380636331,1.63,5.84,"Chinese"
"Peruvian Cuisine",2.26560819714796,5.15,12.14,"Peruvian"
"Thai Noodle House",2.33249564650469,12.21,7.56,"Thai"
"Thai Restaurant",4.88715667850338,8.72,6.41,"Thai"
"Sushi Palace",0.120859418576583,3.64,10.71,"Japanese"
"BBQ Joint",1.07858240194619,12.1,3.19,"American"
"Steakhouse",2.81991251378786,12.61,4.1,"American"
"Mediterranean Grill",1.3548186988337,3.53,7.41,"Mediterranean"
"American Diner",0.884416069276631,14.02,15.74,"American"
"BBQ Joint",2.7744702358963,1.63,3.96,"American"
"Brazilian Steakhouse",2.84194778315723,13.8,2.4,"Brazilian"
"French Cafe",1.68102063543629,4.51,10.83,"French"
"German Brewery",0.392790953395888,1.29,2.38,"German"
"Italian Pizzeria",0.572719142423011,1.34,6.8,"Italian"
"French Cafe",5.97737366289366,1.85,4.31,"French"
"Spanish Tapas",0.495158191723749,5.95,14.21,"Spanish"
"German Brewery",2.04906041701324,11.64,6.36,"German"
"Japanese Ramen",5.58908878585789,4.14,10.21,"Japanese"
"Mexican Grill",3.80132583696395,7.67,5.03,"Mexican"
"American Diner",5.20286273052916,13.96,6.39,"American"
"Spanish Tapas",0.151432772772387,3.11,2.94,"Spanish"
"German Brewery",2.0319680981338,43,15.18,"German"
"Steakhouse",4.61121765458956,7.17,3.96,"American"
"Peruvian Cuisine",4.59742289073765,2.09,5.2,"Peruvian"
"Burger Joint",3.04909459929913,9.31,9.75,"Mexican"
"Spanish Tapas",2.31854859143496,3.6,9.48,"Spanish"
"French Cafe",4.95401779401582,2.07,12.2,"French"
"Sushi Palace",2.70101070657838,8.21,7.67,"Japanese"
"American Diner",2.28368523421232,10.75,9.08,"American"
"Japanese Ramen",3.84331373127643,8.66,3.77,"Japanese"
"Steakhouse",4.15943671797868,7.7,6.17,"American"
"Japanese Ramen",0.485989258158952,6.23,15.43,"Japanese"
"Seafood Shack",4.69480532465968,9.54,14.32,"American"
"Seafood Shack",3.99798710425384,10.46,12.44,"American"
"German Brewery",0.50347255426459,2.43,10.55,"German"
"Japanese Ramen",3.68680487973616,11.3,15.32,"Japanese"
"Sushi Palace",18,43,11.37,"Japanese"
"Sushi Palace",1.10653989189304,9.91,5.06,"Japanese"
"Korean BBQ",1.2280207687756,2.94,15.7,"Korean"
"Indian Curry House",2.47931197979488,1.83,12.61,"Indian"
"Sushi Palace",0.576266660168767,9.01,7.74,"Japanese"
"BBQ Joint",3.7252559725428,4.58,7.4,"American"
"Cajun Kitchen",3.64466180668678,1.71,8.31,"Mexican"
"Sushi Palace",2.11159934781026,9.99,8.98,"Japanese"
"Greek Taverna",1.43769031499978,9.91,9.45,"Mediterranean"
"Chinese Buffet",4.05382421042304,3.18,13.05,"Chinese"
"Mexican Grill",0.295610029017553,1.8,12.12,"Mexican"
"Indian Curry House",3.92439675191417,2.67,3.88,"Indian"
"Greek Taverna",5.55769190215506,1.17,1.62,"Mediterranean"
"Vietnamese Pho",4.83347383190412,1.71,15.92,"Vietnamese"
"Thai Noodle House",2.66549785949755,4.2,14.42,"Thai"
"Italian Pizzeria",4.03953584702685,5.12,13.18,"Italian"
"Italian Pizzeria",3.90620875691529,10.42,1.33,"Italian"
"Steakhouse",2.04762767592911,6.73,8.63,"American"
"BBQ Joint",2.06350337669719,1.8,10.34,"American"
"Mexican Grill",1.97132856694516,4.07,9.28,"Mexican"
"Brazilian Steakhouse",3.05858536623418,14.37,11.8,"Brazilian"
"Thai Noodle House",0.918408732349053,10.67,2.06,"Thai"
"Burger Joint",5.09097696964163,9.01,5.99,"Mexican"
"Italian Bistro",4.25281533470843,14.17,7.74,"Italian"
"BBQ Joint",5.06123683503829,11.2,6.97,"American"
"Peruvian Cuisine",2.34202506525908,10.35,8.69,"Peruvian"
"Seafood Shack",4.43835268614348,13.57,12.58,"American"
"Steakhouse",4.3311489646323,3.01,1.58,"American"
"Italian Bistro",1.93826246643439,7.73,15.9,"Italian"
"Mediterranean Grill",0.892791374679655,8.68,2.03,"Mediterranean"
"Seafood Shack",4.44328931348864,6.85,12.19,"American"
"Indian Curry House",4.66874573561363,11.4,7.26,"Indian"
"Korean BBQ",2.88448632543441,2.81,5.54,"Korean"
"Mexican Grill",1.47198217010591,13.16,8.54,"Mexican"
"Greek Taverna",3.50580035080202,11.33,13.65,"Mediterranean"
"Vietnamese Pho",0.938592608831823,5.21,10.95,"Vietnamese"
"Sushi Palace",0.934799017314799,1.67,9.09,"Japanese"
"Italian Pizzeria",4.15385866989382,5.04,11.44,"Italian"
"Pizza Place",0.495315090334043,12.23,8.91,"American"
"BBQ Joint",4.27232511148322,4.9,10.92,"American"
"BBQ Joint",3.4407506933203,8.12,3.5,"American"
"Chinese Buffet",0.657641630689614,8.68,14.61,"Chinese"
"Mediterranean Grill",5.72322501596063,5.71,9.36,"Mediterranean"
"Chinese Buffet",4.80069481562823,5.24,5.15,"Chinese"
"Japanese Ramen",2.35751204853877,5.59,8.56,"Japanese"
"Greek Taverna",5.57431664899923,8.98,4.58,"Mediterranean"
"Greek Taverna",1.23275580690242,7.88,7.54,"Mediterranean"
"Italian Bistro",3.86355516444892,3.05,12.88,"Italian"
"Chinese Buffet",2.48007152094506,7.72,11.06,"Chinese"
"Cajun Kitchen",0.807160735409707,13.93,8.94,"Mexican"
"Thai Restaurant",5.53251625522971,4.9,6.16,"Thai"
"Thai Restaurant",3.58116046111099,10.45,7.86,"Thai"
"Indian Curry House",3.31536091922317,9.07,8.35,"Indian"
"Chinese Buffet",5.12267877645791,7.21,13.41,"Chinese"
"Mexican Grill",2.79320534295403,14.68,9.04,"Mexican"
"Sushi Palace",0.189746043551713,6.76,2.97,"Japanese"
"Mexican Grill",1.90533008333296,1.78,11.05,"Mexican"
"Cajun Kitchen",0.757713094912469,7.76,11.04,"Mexican"
"Brazilian Steakhouse",4.71512215477414,11.87,7.97,"Brazilian"
"Burger Joint",1.93185149547644,6.83,11.63,"Mexican"
"Indian Curry House",3.04624559329823,12.57,7.9,"Indian"
"French Cafe",0.280226372764446,2.78,5.93,"French"
"Thai Restaurant",1.64790272167884,5.4,15.49,"Thai"
"Steakhouse",3.03202480911277,4.37,11.01,"American"
"Japanese Ramen",5.79458155909087,3.12,2.98,"Japanese"
"Korean BBQ",0.93642052274663,6.93,9.8,"Korean"
"BBQ Joint",5.10071971863508,5.49,4.99,"American"
"Korean BBQ",4.84488782666158,12.6,13.47,"Korean"
"Cajun Kitchen",2.75861304574646,3.43,9.07,"Mexican"
"Indian Curry House",3.69073821371421,6.4,15.6,"Indian"
"Japanese Ramen",4.6342688965844,9.45,6.3,"Japanese"
"Steakhouse",5.15106701913755,13.17,10.69,"American"
"French Cafe",5.42423848651815,12.16,9.65,"French"
"Burger Joint",5.77025990486145,11.44,12.51,"Mexican"
"Burger Joint",2.04988474876154,3.98,12.98,"Mexican"
"Mexican Grill",0.430518399854191,9.07,5.06,"Mexican"
"Spanish Tapas",1.20739046288654,9.9,4.58,"Spanish"
"BBQ Joint",1.91887804260477,13.6,5.26,"American"
"Brazilian Steakhouse",0.365152409300208,1.55,7.1,"Brazilian"
"Steakhouse",1.27854236168787,11.92,7.73,"American"
"Vietnamese Pho",1.11487553992774,11.87,9.84,"Vietnamese"
"Italian Bistro",3.68370349055622,2.51,13.71,"Italian"
"BBQ Joint",3.11554707454052,12.66,5.16,"American"
"Peruvian Cuisine",2.76895050690509,14.71,12.53,"Peruvian"
"Greek Taverna",2.02164104413241,2.02,1.83,"Mediterranean"
"German Brewery",2.00847141442355,3.46,1.63,"German"
"Italian Pizzeria",4.49730722494423,7.77,11.04,"Italian"
"Korean BBQ",1.73580130799674,12.89,15.32,"Korean"
"Italian Bistro",2.65331406204496,12.96,6.33,"Italian"
"Peruvian Cuisine",1.94321081419475,6.41,10.67,"Peruvian"
"Italian Bistro",1.21037109689787,14.38,4.38,"Italian"
"Japanese Ramen",2.8570039573824,12.13,15.01,"Japanese"
"Thai Restaurant",3.71318216181826,12.95,12.83,"Thai"
"Japanese Ramen",4.70808865833096,1.37,8.87,"Japanese"
"Steakhouse",4.86417010072619,4.21,4.38,"American"
"Sushi Palace",2.32854767849203,11.93,6.16,"Japanese"
"BBQ Joint",3.88018900107127,4.83,13.65,"American"
"Japanese Ramen",5.07023038410116,9.77,4.35,"Japanese"
"Italian Bistro",0.965013606194407,5.55,2.21,"Italian"
"Spanish Tapas",4.00417183493264,11.31,7.43,"Spanish"
"Mexican Grill",3.81871145195328,6.18,8.13,"Mexican"
"BBQ Joint",5.25033068135381,3.47,4.13,"American"
"Italian Pizzeria",1.00451880281325,11.24,1.38,"Italian"
